country,year,suicides_no,population,suicides_calc,gdp,gdp_per_capita
Albania,1991,0,3267000,,,336
Albania,1992,47,2822500,1.665190434,"709,452,584",251
Albania,1993,73,2807300,2.600363338,"1,228,071,038",437
Albania,1994,50,2849300,1.754816973,"1,985,673,798",697
Albania,1995,88,2903400,3.030929255,"2,424,499,009",835
Albania,1996,89,2940200,3.027004966,"3,314,898,292",1127
Albania,1997,170,2977300,5.70987136,"2,359,903,108",793
Albania,1998,154,3012700,5.111693829,"2,707,123,772",899
Albania,1999,139,3029700,4.587912995,"3,414,760,915",1127
Albania,2000,54,2796300,1.93112327,"3,632,043,908",1299
Albania,2001,119,2799349,4.250988355,"4,060,758,804",1451
Albania,2002,133,2818839,4.718254572,"4,435,078,648",1573
Albania,2003,124,2843929,4.36016511,"5,746,945,913",2021
Albania,2004,146,2874991,5.078276767,"7,314,865,176",2544
Albania,2005,0,2783320,0,"8,158,548,717",2931
Albania,2006,0,2780176,0,"8,992,642,349",3235
Albania,2007,124,2770344,4.475978434,"10,701,011,897",3863
Albania,2008,160,2757059,5.803285312,"12,881,352,688",4672
Albania,2009,0,2745735,0,"12,044,212,904",4387
Albania,2010,96,2736025,3.508739869,"11,926,953,259",4359
Antigua and Barbuda,1991,0,60394,0,"481,706,333",7976
Antigua and Barbuda,1992,0,61741,0,"499,281,148",8087
Antigua and Barbuda,1993,1,63315,1.579404564,"535,172,778",8453
Antigua and Barbuda,1994,0,65044,0,"589,429,593",9062
Antigua and Barbuda,1995,0,66846,0,"577,280,741",8636
Antigua and Barbuda,1998,0,72225,0,"727,860,593",10078
Antigua and Barbuda,1999,0,73832,0,"766,198,926",10378
Antigua and Barbuda,2000,2,75326,2.65512572,"830,158,778",11021
Antigua and Barbuda,2001,2,76497,2.614481614,"800,740,259",10468
Antigua and Barbuda,2002,0,77588,0,"814,615,333",10499
Antigua and Barbuda,2003,1,78658,1.271326502,"855,643,111",10878
Antigua and Barbuda,2004,2,79722,2.508717794,"919,577,148",11535
Antigua and Barbuda,2005,0,80809,0,"1,022,191,296",12649
Antigua and Barbuda,2006,0,81973,0,"1,157,005,444",14114
Antigua and Barbuda,2007,1,83131,1.202920691,"1,311,401,333",15775
Antigua and Barbuda,2008,0,84273,0,"1,368,431,037",16238
Antigua and Barbuda,2009,0,85405,0,"1,224,253,000",14335
Argentina,1991,1951,29623000,6.58609864,"189,719,984,268",6404
Argentina,1992,2184,30045400,7.268999581,"228,788,617,202",7615
Argentina,1993,2230,30477500,7.316873103,"236,741,715,015",7768
Argentina,1994,2241,30911200,7.249799425,"257,440,000,000",8328
Argentina,1995,2204,31345400,7.031334741,"258,031,750,000",8232
Argentina,1996,2229,31780700,7.013690699,"272,149,750,000",8563
Argentina,1997,2184,32333781,6.754545656,"292,859,000,000",9057
Argentina,1998,2347,32757259,7.164824139,"298,948,250,000",9126
Argentina,1999,2423,33174862,7.303722921,"283,523,000,000",8546
Argentina,2000,2774,33585533,8.25950864,"284,203,750,000",8462
Argentina,2001,3132,34010946,9.208800014,"268,696,750,000",7900
Argentina,2002,3162,34407507,9.189854993,"97,724,004,252",2840
Argentina,2003,3289,34785907,9.45497842,"127,586,973,492",3668
Argentina,2004,3121,35162945,8.875820839,"164,657,930,453",4683
Argentina,2005,3058,35550617,8.601819766,"198,737,095,012",5590
Argentina,2006,3108,35918886,8.652829601,"232,557,260,817",6475
Argentina,2007,2946,36315492,8.112240363,"287,530,508,431",7918
Argentina,2008,3059,36733520,8.327543889,"361,558,037,110",9843
Argentina,2009,2884,37158001,7.761450892,"332,976,484,578",8961
Argentina,2010,2943,37578454,7.831615425,"423,627,422,092",11273
Armenia,1991,80,3230800,2.476166894,"2,068,526,522",640
Armenia,1992,83,3308700,2.508538097,"1,272,577,456",385
Armenia,1993,106,3366600,3.1485772,"1,201,313,201",357
Armenia,1994,112,3402500,3.291697281,"1,315,158,670",387
Armenia,1995,130,3443200,3.775557621,"1,468,317,350",426
Armenia,1996,87,3486300,2.495482316,"1,596,968,913",458
Armenia,1997,77,3526700,2.183344203,"1,639,492,424",465
Armenia,1998,66,3558000,1.854974705,"1,893,726,437",532
Armenia,1999,67,3580700,1.871142514,"1,845,482,181",515
Armenia,2000,61,3606500,1.691390545,"1,911,563,665",530
Armenia,2001,60,3610516,1.661812328,"2,118,467,913",587
Armenia,2002,74,3014844,2.454521693,"2,376,335,048",788
Armenia,2003,59,3024366,1.95082209,"2,807,061,009",928
Armenia,2006,78,2764396,2.821592854,"6,384,451,606",2310
Armenia,2007,71,2735313,2.595681006,"9,206,301,700",3366
Armenia,2008,63,3045391,2.068699881,"11,662,040,714",3829
Armenia,2009,53,2689695,1.970483642,"8,647,936,748",3215
Armenia,2010,73,2676225,2.727722819,"9,260,284,938",3460
Aruba,1995,8,73581,10.87237194,"1,320,670,391",17949
Aruba,1999,9,81934,10.9844509,"1,722,798,883",21027
Aruba,2000,10,83888,11.92065611,"1,873,452,514",22333
Aruba,2001,4,86045,4.648730316,"1,920,262,570",22317
Aruba,2002,9,88284,10.19437271,"1,941,094,972",21987
Aruba,2003,2,90457,2.21099528,"2,021,301,676",22345
Aruba,2004,8,92335,8.664103536,"2,228,279,330",24133
Aruba,2005,10,93728,10.66917037,"2,331,005,587",24870
Aruba,2006,9,94508,9.523003344,"2,421,474,860",25622
Aruba,2007,8,94814,8.43757251,"2,623,726,257",27672
Aruba,2008,4,94814,4.218786255,"2,791,960,894",29447
Aruba,2009,4,94795,4.219631837,"2,498,932,961",26361
Aruba,2010,7,95006,7.367955708,"2,467,703,911",25974
Australia,1991,2288,16012100,14.2891938,"325,358,292,128",20320
Australia,1992,2251,16203500,13.89206036,"324,878,105,053",20050
Australia,1993,2038,16370000,12.44960293,"311,528,948,848",19030
Australia,1994,2283,16549400,13.79506206,"322,201,314,424",19469
Australia,1995,2170,16766300,12.94262896,"367,216,364,716",21902
Australia,1996,2426,17015100,14.25792384,"400,302,731,411",23526
Australia,1997,2646,17221300,15.36469372,"434,568,007,513",25234
Australia,1998,2632,17421730,15.10756968,"398,899,138,574",22897
Australia,1999,2488,17641702,14.10294766,"388,395,162,301",22016
Australia,2000,2391,17874410,13.3766653,"415,034,227,218",23219
Australia,2001,2458,18130883,13.556979,"378,215,090,694",20860
Australia,2002,2319,18370058,12.62380337,"394,486,709,920",21474
Australia,2003,2156,18608029,11.58639639,"466,294,700,058",25059
Australia,2004,2114,18854551,11.21214714,"611,904,253,806",32454
Australia,2006,2117,19109246,11.07840676,"745,521,862,833",39014
Australia,2007,2229,19734430,11.2949804,"851,962,785,585",43171
Australia,2008,2341,20120312,11.63500844,"1,052,584,601,611",52315
Australia,2009,2337,20529317,11.38372017,"926,448,240,318",45128
Australia,2010,2420,20847547,11.60808032,"1,144,260,547,873",54887
Austria,1991,1769,7299728,24.23377967,"173,794,177,725",23808
Austria,1992,1759,7375368,23.8496574,"195,078,126,346",26450
Austria,1993,1704,7433569,22.92304006,"190,379,720,927",25611
Austria,1994,1776,7462552,23.79882914,"203,535,242,742",27274
Austria,1995,1788,7477030,23.91323828,"241,038,283,063",32237
Austria,1996,1779,7493706,23.73992254,"237,250,948,791",31660
Austria,1997,1592,7512589,21.1910967,"212,790,348,405",28325
Austria,1998,1559,7533519,20.69418024,"218,259,904,402",28972
Austria,1999,1555,7561609,20.56440633,"217,185,787,343",28722
Austria,2000,1588,7592073,20.91655336,"196,799,778,883",25922
Austria,2001,1489,7634560,19.50341604,"197,337,879,195",25848
Austria,2002,1553,7683162,20.21303208,"213,377,771,504",27772
Austria,2003,1456,7722033,18.85513828,"261,695,778,781",33889
Austria,2004,1422,7773105,18.29384783,"300,904,221,505",38711
Austria,2005,1399,7827461,17.87297311,"315,974,418,605",40367
Austria,2006,1297,7869269,16.48183586,"335,998,557,270",42698
Austria,2007,1285,7897272,16.27144158,"388,691,445,387",49218
Austria,2008,1267,7925258,15.98686125,"430,294,287,388",54294
Austria,2009,1278,7946894,16.08175471,"400,172,297,861",50356
Austria,2010,1264,7968421,15.86261569,"391,892,746,545",49181
Azerbaijan,1991,134,6290600,2.130162465,"8,792,365,811",1398
Azerbaijan,1992,144,6370400,2.260454603,"4,991,350,458",784
Azerbaijan,1993,119,6442600,1.847080371,"3,973,027,397",617
Azerbaijan,1994,47,6521200,0.720726247,"3,313,739,674",508
Azerbaijan,1995,49,6605900,0.741761153,"3,052,467,522",462
Azerbaijan,1996,69,6668100,1.034777523,"3,176,749,593",476
Azerbaijan,1997,107,6711200,1.594349744,"3,962,710,163",590
Azerbaijan,1998,56,7044400,0.794957697,"4,446,396,218",631
Azerbaijan,1999,54,7106400,0.759878419,"4,581,222,442",645
Azerbaijan,2000,62,7415250,0.836114763,"5,272,617,196",711
Azerbaijan,2001,317,7518000,4.216546954,"5,707,720,391",759
Azerbaijan,2002,92,7605700,1.209619101,"6,235,795,104",820
Azerbaijan,2003,129,7674400,1.680913166,"7,276,013,032",948
Azerbaijan,2004,108,7738250,1.395664394,"8,680,472,169",1122
Azerbaijan,2007,55,7921100,0.694348007,"33,050,343,783",4172
Bahamas,1993,7,243500,2.874743326,"3,092,000,000",12698
Bahamas,1994,3,249300,1.203369434,"3,259,000,000",13073
Bahamas,1995,2,254500,0.785854617,"3,429,000,000",13473
Bahamas,1996,3,252438,1.18841062,"3,609,000,000",14297
Bahamas,1997,2,255956,0.7813843,"6,332,360,000",24740
Bahamas,1998,3,260125,1.153291687,"6,833,220,000",26269
Bahamas,1999,6,264791,2.265938042,"7,683,870,000",29019
Bahamas,2000,11,269738,4.078031275,"8,076,470,000",29942
Bahamas,2001,1,276140,0.362135149,"8,317,830,000",30122
Bahamas,2002,3,282555,1.061740192,"8,881,160,000",31432
Bahamas,2003,1,288888,0.346154911,"8,870,090,000",30704
Bahamas,2004,2,295237,0.677421868,"9,055,290,000",30671
Bahamas,2005,4,301763,1.325543556,"9,836,200,000",32596
Bahamas,2006,2,308499,0.648300319,"10,167,250,000",32957
Bahamas,2007,5,314989,1.587357019,"10,618,340,000",33710
Bahamas,2008,4,321447,1.2443731,"10,526,000,000",32746
Bahamas,2009,6,327813,1.830311794,"9,981,960,000",30450
Bahamas,2010,10,333869,2.995186735,"10,095,760,000",30239
Bahrain,1997,0,529754,0,"6,349,202,394",11985
Bahrain,1998,0,546008,0,"6,183,776,596",11325
Bahrain,1999,17,565762,3.00479707,"6,621,010,372",11703
Bahrain,2000,29,590594,4.910310636,"9,062,906,915",15345
Bahrain,2001,23,624083,3.685407229,"8,976,207,713",14383
Bahrain,2002,25,661010,3.782091042,"9,632,155,053",14572
Bahrain,2003,34,702913,4.837013969,"11,074,822,074",15756
Bahrain,2004,42,751559,5.588383613,"13,150,166,755",17497
Bahrain,2005,42,819540,5.124826122,"15,968,726,862",19485
Bahrain,2006,28,888543,3.151226221,"18,505,053,191",20826
Bahrain,2007,40,964770,4.146065902,"21,730,000,000",22524
Bahrain,2008,43,1024110,4.19876771,"25,710,877,660",25106
Bahrain,2009,36,1092922,3.293922165,"22,938,218,085",20988
Bahrain,2010,19,1139160,1.667895642,"25,713,271,277",22572
Barbados,1991,17,237000,7.172995781,"2,007,109,829",8469
Barbados,1992,14,240000,5.833333333,"1,950,900,000",8129
Barbados,1993,16,239600,6.677796327,"2,046,189,032",8540
Barbados,1994,14,240300,5.82605077,"2,151,295,182",8953
Barbados,1995,17,241200,7.048092869,"2,261,969,870",9378
Barbados,2000,10,251133,3.981953785,"3,121,500,000",12430
Barbados,2001,2,252406,0.792374191,"3,116,650,000",12348
Barbados,2002,0,253353,0,"3,169,600,000",12511
Barbados,2003,0,254122,0,"3,274,850,000",12887
Barbados,2004,3,254925,1.176816711,"3,514,350,000",13786
Barbados,2005,1,255889,0.390794446,"3,897,300,000",15230
Barbados,2006,9,256883,3.503540522,"4,246,600,000",16531
Barbados,2007,0,258083,0,"4,523,750,000",17528
Barbados,2008,1,259414,0.385484207,"4,607,300,000",17760
Barbados,2009,5,260718,1.917780897,"4,434,050,000",17007
Barbados,2010,3,261927,1.145357294,"4,461,650,000",17034
Belarus,1991,2169,9476200,22.88892172,"18,000,000,000",1899
Belarus,1992,2424,9570900,25.32677178,"17,037,037,037",1780
Belarus,1993,2885,9641100,29.92397133,"16,280,991,736",1689
Belarus,1994,3153,9653900,32.6603756,"14,932,024,169",1547
Belarus,1995,3203,9673600,33.11073437,"13,972,676,841",1444
Belarus,1996,3627,9684800,37.4504378,"14,756,846,154",1524
Belarus,1997,3526,9692100,36.38014465,"14,128,408,566",1458
Belarus,1998,3556,9694800,36.67945703,"15,222,012,660",1570
Belarus,1999,3397,9563200,35.52158273,"12,138,486,532",1269
Belarus,2000,3483,9543479,36.49612474,"12,736,856,828",1335
Belarus,2001,3303,9513587,34.71876591,"12,354,820,144",1299
Belarus,2002,3291,9469234,34.75465914,"14,594,249,023",1541
Belarus,2003,3456,9420691,36.68520706,"17,827,791,321",1892
Belarus,2007,2659,9244456,28.7631852,"45,277,399,814",4898
Belarus,2008,2658,9205746,28.87327111,"60,763,483,146",6601
Belarus,2009,2743,9169969,29.91286012,"49,209,523,810",5366
Belarus,2010,2459,8981193,27.37943612,"57,222,490,769",6371
Belgium,1991,1805,9396600,19.20907562,"211,637,816,539",22523
Belgium,1992,1878,9428100,19.91917778,"236,038,384,442",25036
Belgium,1993,2142,9462900,22.63576705,"225,924,679,921",23875
Belgium,1994,2131,9497400,22.4377198,"246,194,938,751",25922
Belgium,1995,2155,9527100,22.6196849,"289,567,323,481",30394
Belgium,1996,2013,9557545,21.06189403,"281,358,175,896",29438
Belgium,1997,2146,9576223,22.40967028,"254,813,599,459",26609
Belgium,1998,2019,9620997,20.9853511,"260,601,911,536",27087
Belgium,1999,1857,9648277,19.24695985,"260,202,429,150",26969
Belgium,2000,2143,9674025,22.15210318,"237,904,919,845",24592
Belgium,2001,2165,9710055,22.29647515,"237,841,968,680",24494
Belgium,2002,2076,9758570,21.27360874,"258,860,436,665",26526
Belgium,2003,2091,9804122,21.32776398,"319,002,821,670",32538
Belgium,2004,1987,9848022,20.17664055,"370,885,026,074",37661
Belgium,2005,2029,9901014,20.49285053,"387,365,750,529",39124
Belgium,2006,1935,9962702,19.42244182,"409,813,197,842",41135
Belgium,2007,1857,10030266,18.51396563,"471,821,105,940",47040
Belgium,2008,1999,10100850,19.79041368,"518,625,897,173",51345
Belgium,2009,2013,10173366,19.78696137,"484,552,792,442",47630
Belgium,2010,2013,10211171,19.71370375,"483,548,031,197",47355
Belize,1991,2,162200,1.233045623,"444,720,750",2742
Belize,1993,1,170800,0.585480094,"559,858,250",3278
Belize,1994,8,170874,4.68181233,"580,863,700",3399
Belize,1995,14,180500,7.756232687,"620,140,400",3436
Belize,1996,8,180926,4.421697268,"641,383,800",3545
Belize,1997,1,187650,0.532907008,"654,314,350",3487
Belize,1998,12,195108,6.150439756,"688,992,450",3531
Belize,1999,18,202699,8.880162211,"732,732,350",3615
Belize,2000,18,210109,8.5669819,"832,072,450",3960
Belize,2001,19,217279,8.744517418,"871,860,600",4013
Belize,2002,14,224136,6.24620766,"932,551,850",4161
Belize,2003,12,230890,5.19728009,"990,374,050",4289
Belize,2004,20,237791,8.410747253,"1,057,845,500",4449
Belize,2005,12,245020,4.897559383,"1,114,222,550",4547
Belize,2006,11,252826,4.350818349,"1,217,467,600",4815
Belize,2007,8,260667,3.069049784,"1,290,573,400",4951
Belize,2008,11,268487,4.097032631,"1,368,625,150",5098
Belize,2009,15,276189,5.431063511,"1,336,957,250",4841
Belize,2010,15,283796,5.285486758,"1,397,113,450",4923
Brazil,1991,5156,134281850,3.839684961,"602,860,000,000",4490
Brazil,1992,5207,137007021,3.800535157,"400,599,250,000",2924
Brazil,1993,5508,139615477,3.945121356,"437,798,577,640",3136
Brazil,1994,5896,142188450,4.146609658,"558,111,997,497",3925
Brazil,1995,6536,144783591,4.514323726,"769,305,386,183",5313
Brazil,1996,6698,147353130,4.545543077,"850,426,432,992",5771
Brazil,1997,6891,149932627,4.596064338,"883,199,625,325",5891
Brazil,1998,6922,152524311,4.538292915,"863,723,411,633",5663
Brazil,1999,6507,155122073,4.194760858,"599,388,579,986",3864
Brazil,2000,6763,157715991,4.288087693,"655,420,645,477",4156
Brazil,2001,7710,160178796,4.813371178,"559,372,276,082",3492
Brazil,2002,7697,162761414,4.729007822,"507,962,487,700",3121
Brazil,2003,7839,165396911,4.739508104,"558,319,920,832",3376
Brazil,2004,7995,167993068,4.759124942,"669,316,654,017",3984
Brazil,2005,8529,170483960,5.002816687,"891,630,175,813",5230
Brazil,2006,8618,172974722,4.982230872,"1,107,640,297,890",6403
Brazil,2007,8855,175293192,5.051536742,"1,397,084,345,950",7970
Brazil,2008,9184,177471632,5.17491156,"1,695,824,571,927",9555
Brazil,2009,9346,179569551,5.20466858,"1,667,019,780,934",9283
Brazil,2010,9429,181629712,5.191331251,"2,208,871,646,203",12161
Bulgaria,1991,1384,8431900,16.4138569,"10,943,548,387",1298
Bulgaria,1992,1519,8041500,18.88951066,"10,350,515,464",1287
Bulgaria,1993,1470,8001000,18.37270341,"10,829,710,145",1354
Bulgaria,1994,1464,7995500,18.31029954,"9,697,416,974",1213
Bulgaria,1995,1433,7983900,17.9486216,"13,063,422,619",1636
Bulgaria,1996,1526,7963300,19.16290985,"10,109,612,142",1270
Bulgaria,1997,1465,7933900,18.46506762,"11,195,612,105",1411
Bulgaria,1998,1503,7899500,19.02652067,"14,630,992,956",1852
Bulgaria,1999,1307,7866600,16.61454758,"13,495,075,366",1715
Bulgaria,2000,1383,7829095,17.66487697,"13,153,016,531",1680
Bulgaria,2001,1314,7591926,17.30786101,"14,075,616,789",1854
Bulgaria,2002,1317,7544410,17.45663345,"16,276,456,428",2157
Bulgaria,2003,1092,7493166,14.57327917,"20,982,685,981",2800
Bulgaria,2004,1013,7447563,13.60176477,"25,957,970,922",3485
Bulgaria,2005,982,7404051,13.26300967,"29,636,617,750",4003
Bulgaria,2006,977,7358508,13.27714803,"34,130,122,491",4638
Bulgaria,2007,902,7312474,12.33508659,"44,411,476,557",6073
Bulgaria,2008,939,7267511,12.92051708,"54,409,138,498",7487
Bulgaria,2009,868,7219817,12.02246539,"51,884,481,410",7186
Bulgaria,2010,859,7162740,11.99261735,"50,610,058,210",7066
Canada,1991,3593,25390400,14.15101771,"610,328,183,643",24038
Canada,1992,3708,26454400,14.01657191,"592,387,689,253",22393
Canada,1993,3803,26944700,14.11409294,"577,170,761,956",21421
Canada,1994,3748,27246000,13.75614769,"578,139,279,438",21219
Canada,1995,3968,27618500,14.36718142,"604,031,623,433",21871
Canada,1996,3941,27706600,14.2240477,"628,546,387,972",22686
Canada,1997,3681,28085100,13.10659389,"652,825,364,726",23245
Canada,1998,3699,28372536,13.03725546,"631,813,279,407",22268
Canada,1999,4074,28681643,14.2042072,"676,082,654,641",23572
Canada,2000,3606,29008565,12.43081138,"742,293,448,253",25589
Canada,2001,3694,29262055,12.62385707,"736,379,777,893",25165
Canada,2002,3650,29642114,12.31356171,"757,950,678,647",25570
Canada,2003,3765,29958833,12.56724519,"892,380,986,368",29787
Canada,2004,3613,30283966,11.93040568,"1,023,196,003,075",33787
Canada,2005,3743,30597090,12.2331895,"1,169,357,979,865",38218
Canada,2006,3512,30902962,11.36460641,"1,315,415,197,461",42566
Canada,2007,3611,31242631,11.55792545,"1,464,977,190,206",46890
Canada,2008,3705,31588641,11.72889964,"1,549,131,208,997",49041
Canada,2009,3890,31937357,12.18009368,"1,371,153,004,986",42933
Canada,2010,3951,32286140,12.23744926,"1,613,464,422,811",49974
Chile,1991,787,11871000,6.62960155,"37,834,793,730",3187
Chile,1992,658,12125000,5.426804124,"45,964,327,559",3791
Chile,1993,740,12306400,6.013131379,"49,297,773,130",4006
Chile,1994,801,12526600,6.394392732,"57,008,425,296",4551
Chile,1995,930,12897643,7.210619801,"73,447,063,319",5695
Chile,1996,917,13125089,6.986619291,"78,039,572,222",5946
Chile,1997,910,13339550,6.821819327,"84,952,360,922",6368
Chile,1998,1031,13543940,7.612260539,"81,577,430,181",6023
Chile,1999,1041,13743882,7.574279232,"75,173,794,497",5470
Chile,2000,1473,13943575,10.56400529,"77,860,932,152",5584
Chile,2001,1625,14139590,11.49255389,"70,979,923,960",5020
Chile,2002,1603,14332840,11.18410587,"69,736,811,435",4866
Chile,2003,1654,14523758,11.38823712,"75,643,459,840",5208
Chile,2004,1735,14710993,11.79390134,"99,210,392,858",6744
Chile,2005,1682,14893574,11.29346119,"122,964,812,046",8256
Chile,2006,1795,15071596,11.9098203,"154,788,024,806",10270
Chile,2007,1848,15245435,12.12166134,"173,605,968,179",11387
Chile,2008,2088,15415661,13.54466734,"179,638,496,279",11653
Chile,2009,2148,15584149,13.78323577,"172,389,498,445",11062
Chile,2010,2001,15751851,12.70326897,"218,537,551,220",13874
Colombia,1991,1010,30584178,3.30236111,"41,239,551,378",1348
Colombia,1992,1086,29615400,3.667011082,"49,279,585,355",1664
Colombia,1993,1085,30242200,3.587701953,"55,802,538,219",1845
Colombia,1994,1198,30874600,3.880212213,"81,703,500,846",2646
Colombia,1995,1150,33090899,3.475275785,"92,507,279,383",2796
Colombia,1996,1209,33703636,3.587150063,"97,160,109,278",2883
Colombia,1997,1242,34338825,3.6168972,"106,659,508,271",3106
Colombia,1998,2052,34987039,5.865029047,"98,443,739,941",2814
Colombia,1999,2143,35629408,6.014694378,"86,186,158,685",2419
Colombia,2000,2358,36252342,6.504407357,"99,886,577,331",2755
Colombia,2001,2412,36884428,6.539345005,"98,203,546,156",2662
Colombia,2002,2379,37478276,6.347677252,"97,933,391,976",2613
Colombia,2003,2269,38044513,5.964066356,"94,684,584,163",2489
Colombia,2004,2244,38604716,5.812761322,"117,074,863,822",3033
Colombia,2005,2102,39172790,5.365969593,"146,566,264,837",3742
Colombia,2006,2177,39708676,5.482429079,"162,590,146,096",4095
Colombia,2007,2181,40275206,5.415242321,"207,416,494,642",5150
Colombia,2008,2220,40859129,5.43330231,"243,982,437,871",5971
Colombia,2009,2249,41436173,5.427624795,"233,821,670,544",5643
Colombia,2010,2107,41989103,5.017968591,"287,018,184,638",6836
Costa Rica,1991,125,2704000,4.622781065,"7,168,999,428",2651
Costa Rica,1992,149,2778400,5.362798733,"8,528,593,084",3070
Costa Rica,1993,164,2853700,5.746925045,"9,537,297,507",3342
Costa Rica,1994,162,2929100,5.530709092,"10,432,619,390",3562
Costa Rica,1995,209,3135200,6.666241388,"11,513,472,694",3672
Costa Rica,1996,209,3192446,6.546704314,"11,618,286,553",3639
Costa Rica,1997,187,3279559,5.701986151,"12,552,071,367",3827
Costa Rica,1998,223,3365726,6.625613612,"13,617,405,420",4046
Costa Rica,1999,233,3449923,6.753773925,"14,195,623,425",4115
Costa Rica,2000,239,3531421,6.767813863,"14,949,514,585",4233
Costa Rica,2001,198,3606850,5.489554598,"15,913,363,335",4412
Costa Rica,2002,275,3680372,7.472070758,"16,504,795,453",4485
Costa Rica,2003,315,3751871,8.39581105,"17,195,867,540",4583
Costa Rica,2004,325,3820857,8.505945132,"18,529,767,934",4850
Costa Rica,2005,272,3887096,6.997511767,"19,952,156,475",5133
Costa Rica,2006,350,3953916,8.851983704,"22,600,431,878",5716
Costa Rica,2007,270,4015241,6.724378437,"26,743,874,206",6661
Costa Rica,2008,261,4072561,6.408743786,"30,612,932,876",7517
Costa Rica,2009,278,4128459,6.733747386,"30,562,361,123",7403
Costa Rica,2010,311,4184663,7.431900729,"37,268,635,287",8906
Croatia,1995,929,4497400,20.65637924,"22,387,561,845",4978
Croatia,1996,1001,4220800,23.71588324,"23,678,012,697",5610
Croatia,1997,946,4295100,22.02509837,"23,822,087,053",5546
Croatia,1998,1029,4227900,24.33832399,"25,432,144,406",6015
Croatia,1999,989,4283800,23.08697885,"23,386,945,597",5459
Croatia,2000,926,4118000,22.486644,"21,774,273,832",5288
Croatia,2001,881,4180633,21.07336377,"23,289,671,102",5571
Croatia,2002,874,4217300,20.72416001,"26,878,499,206",6373
Croatia,2003,865,4225600,20.47046573,"34,658,113,497",8202
Croatia,2004,871,4229600,20.59296387,"41,574,530,816",9829
Croatia,2005,874,4235875,20.6332812,"45,416,358,502",10722
Croatia,2006,796,4234946,18.79598937,"50,453,577,898",11914
Croatia,2007,775,4230855,18.31781047,"60,093,222,709",14204
Croatia,2008,793,4225583,18.76664119,"70,481,451,449",16680
Croatia,2009,790,4216050,18.73791819,"62,703,143,057",14872
Croatia,2010,776,4203963,18.45877331,"59,829,574,391",14232
Cuba,1992,2299,9915600,23.1856872,"22,085,858,243",2227
Cuba,1993,2374,10004200,23.73003339,"22,367,254,865",2236
Cuba,1994,2278,10089300,22.57837511,"28,448,326,757",2820
Cuba,1995,2222,10168400,21.85201212,"30,429,803,651",2993
Cuba,1996,2014,10241600,19.66489611,"25,017,300,000",2443
Cuba,1997,2029,10260492,19.77488019,"25,366,200,000",2472
Cuba,1998,2056,10307978,19.94571583,"25,736,331,247",2497
Cuba,1999,2050,10350039,19.80668865,"28,364,615,242",2741
Cuba,2000,1845,10397209,17.7451468,"30,565,400,000",2940
Cuba,2001,1652,10433428,15.83372215,"31,682,400,000",3037
Cuba,2002,1606,10479415,15.32528295,"33,590,500,000",3205
Cuba,2003,1499,10531074,14.23406578,"35,901,200,000",3409
Cuba,2004,1515,10578701,14.32122904,"38,203,000,000",3611
Cuba,2005,1397,10616406,13.15887881,"42,643,836,075",4017
Cuba,2006,1376,10653638,12.91577581,"52,742,800,000",4951
Cuba,2007,1307,10678023,12.24009351,"58,603,900,000",5488
Cuba,2008,1377,10693814,12.87660324,"60,806,300,000",5686
Cuba,2009,1477,10708230,13.79312921,"62,080,000,000",5797
Cuba,2010,1558,10725848,14.52565802,"64,328,000,000",5997
Cyprus,1999,1,856733,0.116722479,"10,614,455,232",12389
Cyprus,2000,7,875229,0.799790683,"10,183,317,625",11635
Cyprus,2004,7,690616,1.013587869,"17,422,375,000",25227
Cyprus,2005,17,701263,2.424197484,"18,703,146,375",26671
Cyprus,2006,19,713426,2.663205434,"20,403,713,461",28600
Cyprus,2007,19,728566,2.607862568,"24,077,470,572",33048
Cyprus,2008,41,747034,5.488371346,"27,839,460,964",37267
Cyprus,2009,32,767174,4.171152828,"25,942,622,951",33816
Cyprus,2010,38,787081,4.82796561,"25,562,251,656",32477
Czech Republic,1991,1904,9667500,19.69485389,"29,675,502,270",3070
Czech Republic,1992,1991,9681900,20.56414547,"34,590,052,812",3573
Czech Republic,1993,1917,9703400,19.75596183,"40,614,350,197",4186
Czech Republic,1994,1872,9723700,19.25193085,"47,554,674,591",4891
Czech Republic,1995,1733,9744300,17.78475622,"59,775,697,061",6134
Czech Republic,1996,1568,9763900,16.05915669,"66,985,765,439",6861
Czech Republic,1997,1666,9786700,17.02310278,"61,792,161,168",6314
Czech Republic,1998,1613,9808300,16.44525555,"66,490,372,105",6779
Czech Republic,1999,1610,9819215,16.39642273,"64,867,483,193",6606
Czech Republic,2000,1649,9819742,16.79270189,"61,649,492,817",6278
Czech Republic,2001,1623,9838083,16.49711636,"67,523,642,262",6863
Czech Republic,2002,1534,9752463,15.72935986,"81,910,771,994",8399
Czech Republic,2003,1719,9748550,17.63339163,"99,627,140,274",10220
Czech Republic,2004,1583,9746647,16.24148284,"119,162,172,468",12226
Czech Republic,2005,1565,9761733,16.0319894,"136,280,689,891",13961
Czech Republic,2006,1400,9780319,14.31446152,"155,463,807,113",15896
Czech Republic,2007,1379,9818295,14.04520846,"189,227,050,760",19273
Czech Republic,2008,1379,9899594,13.92986419,"235,718,586,901",23811
Czech Republic,2009,1464,9937407,14.73221334,"206,179,982,164",20748
Czech Republic,2010,1502,9945273,15.10265229,"207,477,857,919",20862
Denmark,1994,999,4874900,20.49272806,"156,162,311,732",32034
Denmark,1995,924,4889100,18.8991839,"185,006,961,302",37841
Denmark,1996,892,4917300,18.1400362,"187,632,400,366",38158
Denmark,1997,817,4937300,16.54750572,"173,537,588,008",35148
Denmark,1998,763,4956400,15.39423775,"176,992,000,955",35710
Denmark,1999,762,4976200,15.31288935,"177,965,224,621",35763
Denmark,2000,728,4998610,14.56404881,"164,158,800,460",32841
Denmark,2001,727,5018451,14.48654176,"164,791,416,350",32837
Denmark,2002,688,5041222,13.64748468,"178,635,160,297",35435
Denmark,2003,633,5056783,12.5178399,"218,095,997,085",43129
Denmark,2004,661,5072927,13.02995292,"251,373,036,671",49552
Denmark,2005,631,5089852,12.39721705,"264,467,308,109",51960
Denmark,2006,650,5110460,12.7190116,"282,884,912,894",55354
Denmark,2007,581,5133001,11.31891461,"319,423,370,134",62229
Denmark,2008,603,5162525,11.68033085,"353,361,056,080",68447
Denmark,2009,622,5192790,11.97814662,"321,241,396,034",61863
Denmark,2010,563,5217785,10.79001914,"321,995,350,347",61711
Ecuador,1991,494,9091700,5.433527283,"16,988,535,268",1869
Ecuador,1992,505,9253155,5.457597976,"18,094,238,119",1955
Ecuador,1993,574,9488483,6.049439094,"18,938,717,359",1996
Ecuador,1994,512,9725255,5.264643446,"22,708,673,337",2335
Ecuador,1995,546,9960563,5.481617856,"24,432,884,442",2453
Ecuador,1996,593,10195848,5.816092982,"25,226,393,197",2474
Ecuador,1997,579,10427773,5.552479902,"28,162,053,027",2701
Ecuador,1998,546,10656446,5.123659426,"27,981,896,948",2626
Ecuador,1999,616,10883283,5.660056805,"19,645,272,636",1805
Ecuador,2000,534,11109383,4.806747593,"18,327,764,882",1650
Ecuador,2001,584,11328328,5.155217963,"24,468,324,000",2160
Ecuador,2002,577,11548770,4.996203059,"28,548,945,000",2472
Ecuador,2003,675,11771002,5.734431105,"32,432,858,000",2755
Ecuador,2004,791,11994153,6.594880022,"36,591,661,000",3051
Ecuador,2005,943,12217643,7.718346329,"41,507,085,000",3397
Ecuador,2006,900,12449374,7.229279159,"46,802,044,000",3759
Ecuador,2007,1005,12677354,7.927521784,"51,007,777,000",4024
Ecuador,2008,928,12903183,7.19202386,"61,762,635,000",4787
Ecuador,2009,964,13130161,7.34187494,"62,519,686,000",4762
Ecuador,2010,912,13360285,6.826201687,"69,555,367,000",5206
El Salvador,1991,474,4576985,10.35616241,"5,252,342,400",1148
El Salvador,1992,419,4591600,9.125359352,"5,813,399,300",1266
El Salvador,1993,424,4694300,9.032230578,"6,680,269,200",1423
El Salvador,1995,620,4836397,12.81946044,"8,921,947,100",1845
El Salvador,1996,540,4892391,11.0375479,"9,586,327,800",1959
El Salvador,1997,577,4949302,11.65820958,"10,221,705,900",2065
El Salvador,1998,512,5006338,10.22703621,"10,936,669,900",2185
El Salvador,1999,515,5062759,10.17231909,"11,284,197,000",2229
El Salvador,2000,461,5118189,9.007092157,"11,784,927,700",2303
El Salvador,2001,514,5175094,9.932186739,"12,282,533,600",2373
El Salvador,2002,436,5230458,8.335790097,"12,664,190,300",2421
El Salvador,2003,527,5283542,9.974369467,"13,243,892,200",2507
El Salvador,2004,464,5333170,8.700266446,"13,724,810,900",2573
El Salvador,2005,455,5378879,8.459011627,"14,698,001,400",2733
El Salvador,2006,411,5429044,7.570393609,"15,999,886,400",2947
El Salvador,2007,501,5467861,9.162632335,"17,011,750,900",3111
El Salvador,2008,490,5499287,8.910246001,"17,986,886,200",3271
El Salvador,2009,506,5528910,9.151894316,"17,601,616,000",3184
El Salvador,2010,399,5560453,7.175674356,"18,447,922,400",3318
Estonia,1995,594,1356651,43.7842894,"4,373,665,146",3224
Estonia,1996,545,1342202,40.6049164,"4,746,109,767",3536
Estonia,1997,522,1331234,39.21173888,"5,066,240,419",3806
Estonia,1998,477,1321719,36.08936544,"5,617,109,245",4250
Estonia,1999,468,1313198,35.63819013,"5,726,897,998",4361
Estonia,2000,377,1334175,28.25716267,"5,685,774,809",4262
Estonia,2001,401,1325610,30.25022442,"6,245,069,734",4711
Estonia,2002,371,1316690,28.17671586,"7,322,069,511",5561
Estonia,2003,342,1307160,26.1635913,"9,833,870,709",7523
Estonia,2004,323,1297650,24.89114939,"12,059,201,242",9293
Estonia,2005,273,1288495,21.18750946,"14,006,088,297",10870
Estonia,2006,247,1278915,19.31324599,"16,963,625,016",13264
Estonia,2007,251,1270415,19.75732339,"22,237,061,730",17504
Estonia,2008,242,1264005,19.14549389,"24,194,039,256",19141
Estonia,2009,269,1259010,21.36599392,"19,652,492,637",15609
Estonia,2010,223,1254225,17.77990392,"19,490,936,349",15540
Fiji,2001,36,719459,5.003759769,"1,660,102,346",2307
Fiji,2002,42,723187,5.80762652,"1,842,691,481",2548
Fiji,2003,10,725591,1.378186885,"2,315,935,753",3192
Fiji,2004,24,728408,3.294856729,"2,727,507,213",3744
Fiji,2005,22,732607,3.00297431,"3,006,725,015",4104
Fiji,2006,24,737759,3.253094845,"3,102,741,451",4206
Fiji,2007,13,745055,1.744837629,"3,405,050,612",4570
Fiji,2008,37,753658,4.909388609,"3,523,185,920",4675
Fiji,2009,26,762403,3.410269897,"2,870,624,636",3765
Finland,1991,1493,4698500,31.77609875,"127,866,490,222",27214
Finland,1992,1451,4720900,30.73566481,"112,625,431,378",23857
Finland,1993,1397,4741000,29.46635731,"89,255,751,015",18826
Finland,1994,1387,4761600,29.12886425,"103,321,570,859",21699
Finland,1995,1388,4781300,29.02976178,"134,199,346,405",28068
Finland,1996,1247,4802200,25.967265,"132,099,404,608",27508
Finland,1997,1322,4823200,27.40918892,"126,833,123,354",26296
Finland,1998,1228,4844673,25.34742799,"133,936,359,591",27646
Finland,1999,1207,4864255,24.81366622,"135,225,868,315",27800
Finland,2000,1165,4881820,23.8640507,"125,539,893,127",25716
Finland,2001,1204,4898983,24.57652946,"129,250,111,857",26383
Finland,2002,1095,4915614,22.27595576,"139,552,983,249",28390
Finland,2003,1075,4929856,21.80591076,"171,071,106,095",34701
Finland,2004,1064,4944765,21.5177061,"196,768,065,557",39793
Finland,2005,994,4961784,20.03311712,"204,436,015,421",41202
Finland,2006,1062,4979740,21.32641463,"216,552,502,823",43487
Finland,2007,995,4998853,19.90456611,"255,384,615,385",51089
Finland,2008,1033,5020096,20.57729573,"283,742,493,042",56521
Finland,2009,1034,5042316,20.50644981,"251,499,027,508",49878
Finland,2010,954,5063494,18.84074515,"247,799,815,768",48939
France,1991,11502,53282900,21.58666289,"1,269,276,828,276",23821
France,1992,11644,53622300,21.71484625,"1,401,465,923,172",26136
France,1993,12251,53945400,22.70999937,"1,322,815,612,694",24521
France,1994,12041,54247100,22.19657825,"1,393,982,750,473",25697
France,1995,11819,54528500,21.67490395,"1,601,094,756,210",29363
France,1996,11279,54791600,20.5852722,"1,605,675,086,550",29305
France,1997,11139,55045500,20.23598659,"1,452,884,917,959",26394
France,1998,10534,55280700,19.05547506,"1,503,108,739,159",27190
France,1999,10268,55043393,18.65437329,"1,492,647,560,196",27118
France,2000,10849,55267624,19.62993741,"1,362,248,940,483",24648
France,2001,10449,55511272,18.82320405,"1,376,465,324,385",24796
France,2002,10643,55935517,19.0272667,"1,494,286,655,374",26714
France,2003,10871,56360402,19.28836491,"1,840,480,812,641",32656
France,2004,10804,56813922,19.01646572,"2,115,742,488,205",37240
France,2005,10713,57160687,18.7419021,"2,196,126,103,718",38420
France,2006,10423,57824447,18.02524804,"2,318,593,651,988",40097
France,2007,10127,58167011,17.41021212,"2,657,213,249,384",45682
France,2008,10353,58482967,17.70259023,"2,918,382,891,460",49901
France,2009,10499,58770727,17.86433576,"2,690,222,283,968",45775
France,2010,10379,59056283,17.57476,"2,642,609,548,930",44747
Georgia,1991,174,5018550,3.467136922,"6,357,615,894",1267
Georgia,1992,204,4988700,4.089241686,"3,690,328,964",740
Georgia,1994,123,4518900,2.721901348,"2,513,870,587",556
Georgia,1995,138,4410850,3.128648673,"2,693,731,866",611
Georgia,1996,162,4310350,3.75839549,"3,094,915,506",718
Georgia,1997,176,4240600,4.150356082,"3,510,540,809",828
Georgia,1998,148,4209250,3.516065807,"3,613,500,117",858
Georgia,1999,189,4187750,4.513163393,"2,800,024,314",669
Georgia,2000,130,4165600,3.120798925,"3,057,453,483",734
Georgia,2001,100,4140950,2.414904792,"3,219,487,747",777
Georgia,2004,175,4089850,4.278885534,"5,125,363,001",1253
Georgia,2005,87,4132000,2.105517909,"6,410,852,596",1552
Georgia,2006,72,4166500,1.728069123,"7,745,406,201",1859
Georgia,2007,104,4154900,2.503068666,"10,172,869,680",2448
Georgia,2009,188,4158750,4.520589119,"10,766,809,099",2589
Georgia,2010,112,4193800,2.670608994,"11,638,536,834",2775
Germany,1991,14010,75495900,18.55729914,"1,861,873,895,109",24662
Germany,1992,13458,76131700,17.6772619,"2,123,130,870,382",27888
Germany,1993,12690,76793400,16.5248576,"2,068,555,542,411",26937
Germany,1994,12718,77163400,16.48190723,"2,205,966,011,812",28588
Germany,1995,12888,77547500,16.61949128,"2,591,620,035,485",33420
Germany,1996,12225,77882500,15.69672263,"2,503,665,193,657",32147
Germany,1997,12256,78067900,15.6991542,"2,218,689,375,141",28420
Germany,1998,11654,78071100,14.92741872,"2,243,225,519,618",28733
Germany,1999,11160,78141200,14.28183852,"2,199,957,383,337",28154
Germany,2000,11073,78242066,14.15223366,"1,949,953,934,034",24922
Germany,2001,11167,78421514,14.23971488,"1,950,648,769,575",24874
Germany,2002,11176,78633771,14.21272293,"2,079,136,081,310",26441
Germany,2003,11155,78756461,14.16391729,"2,505,733,634,312",31816
Germany,2004,10741,78811814,13.6286674,"2,819,245,095,605",35772
Germany,2005,10270,78851254,13.02452336,"2,861,410,272,354",36289
Germany,2006,9775,78828994,12.40025973,"3,002,446,368,084",38088
Germany,2007,9409,78776585,11.9439044,"3,439,953,462,907",43667
Germany,2008,9459,78662789,12.02474527,"3,752,365,607,148",47702
Germany,2009,9579,78448602,12.21054264,"3,418,005,001,389",43570
Germany,2010,10030,78349067,12.80168403,"3,417,094,562,649",43614
Greece,1991,381,9721144,3.919291804,"105,143,232,380",10816
Greece,1992,351,9834155,3.569193286,"116,224,673,043",11818
Greece,1993,412,9930405,4.148874089,"108,809,058,859",10957
Greece,1994,355,10018932,3.54329184,"116,601,802,107",11638
Greece,1995,370,10101632,3.66277449,"136,878,366,230",13550
Greece,1996,356,10178479,3.49757562,"145,861,612,826",14330
Greece,1997,374,10248806,3.649205576,"143,157,600,025",13968
Greece,1998,403,10310630,3.908587545,"144,428,172,835",14008
Greece,1999,381,10362363,3.676767548,"142,540,728,958",13756
Greece,2000,382,10403059,3.671996862,"130,133,845,771",12509
Greece,2001,334,10441529,3.198765238,"136,191,353,468",13043
Greece,2002,323,10482045,3.081459772,"153,830,947,017",14676
Greece,2003,375,10515665,3.566108278,"201,924,270,316",19202
Greece,2004,353,10547290,3.346831271,"240,521,260,988",22804
Greece,2005,400,10582816,3.779712319,"247,783,001,865",23414
Greece,2006,394,10618891,3.710368625,"273,317,737,047",25739
Greece,2007,328,10653591,3.078774096,"318,497,936,901",29896
Greece,2008,373,10686723,3.490312231,"354,460,802,549",33168
Greece,2009,391,10719618,3.647518037,"330,000,252,153",30785
Greece,2010,377,10735384,3.511751419,"299,361,576,558",27886
Grenada,1991,0,82400,0,"300,757,889",3650
Grenada,1992,0,83528,0,"310,160,444",3713
Grenada,1993,3,85304,3.516833912,"309,812,185",3632
Grenada,1994,4,87036,4.595799439,"325,111,815",3735
Grenada,1995,1,88433,1.130799588,"342,172,519",3869
Grenada,1996,1,89772,1.113933075,"366,911,444",4087
Grenada,2001,0,91415,0,"520,444,185",5693
Grenada,2002,0,91908,0,"540,336,926",5879
Grenada,2003,4,92567,4.321194378,"591,018,407",6385
Grenada,2004,1,93202,1.072938349,"599,118,593",6428
Grenada,2005,6,93685,6.404440412,"695,370,296",7422
Grenada,2006,1,94126,1.062405711,"698,700,667",7423
Grenada,2007,3,94418,3.177360249,"758,683,593",8035
Grenada,2008,0,94585,0,"825,977,889",8733
Grenada,2009,0,94746,0,"771,278,111",8140
Grenada,2010,0,94980,0,"771,015,889",8118
Guatemala,1991,156,7880665,1.979528377,"9,406,097,735",1194
Guatemala,1992,173,8069672,2.14382939,"10,440,842,165",1294
Guatemala,1993,165,8254958,1.998798783,"11,399,942,453",1381
Guatemala,1994,142,8443914,1.681684584,"12,983,235,568",1538
Guatemala,1995,211,8641512,2.441702332,"14,655,404,433",1696
Guatemala,1996,157,8832326,1.7775612,"15,674,835,615",1775
Guatemala,1997,179,9044205,1.979167876,"17,790,026,222",1967
Guatemala,1998,201,9273529,2.167459659,"19,395,491,993",2091
Guatemala,1999,234,9512666,2.45987823,"18,318,412,251",1926
Guatemala,2000,182,9755585,1.865598014,"19,288,827,159",1977
Guatemala,2001,202,10015097,2.016955003,"18,702,802,395",1867
Guatemala,2002,258,10277166,2.510419701,"20,776,669,467",2022
Guatemala,2003,253,10542980,2.399701033,"21,917,706,491",2079
Guatemala,2004,250,10817808,2.311004226,"23,965,275,996",2215
Guatemala,2005,238,11104906,2.14319689,"27,211,377,225",2450
Guatemala,2006,298,11397134,2.614692431,"30,231,249,362",2653
Guatemala,2007,327,11708397,2.792867375,"34,113,107,086",2914
Guatemala,2008,492,12032885,4.088794998,"39,136,893,345",3252
Guatemala,2009,511,12359945,4.134322604,"37,733,994,976",3053
Guatemala,2010,352,12682151,2.775554399,"41,338,595,381",3260
Guyana,1991,105,654620,16.03983991,"336,708,419",514
Guyana,1992,78,656713,11.87733454,"368,281,379",561
Guyana,1993,72,658831,10.92844751,"442,273,433",671
Guyana,1994,86,660582,13.0188228,"540,874,934",819
Guyana,1995,99,661682,14.9618699,"621,626,786",939
Guyana,1996,60,659048,9.10404098,"705,406,001",1070
Guyana,1997,40,657584,6.082873063,"749,138,010",1139
Guyana,1998,35,657089,5.3265235,"717,530,683",1092
Guyana,1999,163,657094,24.80619211,"694,754,988",1057
Guyana,2001,197,660426,29.82923144,"696,281,472",1054
Guyana,2002,176,662839,26.5524509,"722,460,886",1090
Guyana,2003,198,664705,29.78765016,"741,929,343",1116
Guyana,2004,186,666308,27.91501828,"785,918,770",1180
Guyana,2005,169,667709,25.31042715,"824,880,550",1235
Guyana,2006,201,668408,30.07145336,"1,458,449,453",2182
Guyana,2007,185,668788,27.66197958,"1,740,334,782",2602
Guyana,2008,168,669253,25.10261441,"1,922,598,121",2873
Guyana,2009,156,670155,23.27819684,"2,061,323,854",3076
Guyana,2010,205,671825,30.51389871,"2,273,225,042",3384
Hungary,1991,3993,9757766,40.92125185,"34,748,508,332",3561
Hungary,1992,4000,9754956,41.00479797,"38,724,945,368",3970
Hungary,1993,3694,9747902,37.89533379,"40,119,073,326",4116
Hungary,1994,3625,9740817,37.21453755,"43,160,392,124",4431
Hungary,1995,3366,9737248,34.5682887,"46,418,916,500",4767
Hungary,1996,3436,9737250,35.2871704,"46,659,796,773",4792
Hungary,1997,3208,9737781,32.94385035,"47,290,180,589",4856
Hungary,1998,3245,9734373,33.33548036,"48,770,466,839",5010
Hungary,1999,3326,9553064,34.81605483,"49,170,434,391",5147
Hungary,2000,3269,9527034,34.31288269,"47,310,623,887",4966
Hungary,2001,2978,9704598,30.6864849,"53,821,315,066",5546
Hungary,2002,2839,9680164,29.32801552,"67,716,887,203",6995
Hungary,2003,2800,9652533,29.00792984,"85,324,771,841",8840
Hungary,2004,2742,9630044,28.47339015,"104,066,609,518",10806
Hungary,2005,2619,9608943,27.25585946,"113,035,361,317",11764
Hungary,2006,2461,9591110,25.65917813,"115,295,199,392",12021
Hungary,2007,2450,9572938,25.59297887,"139,850,794,387",14609
Hungary,2008,2476,9552784,25.91914566,"157,998,423,132",16540
Hungary,2009,2460,9534237,25.80175005,"130,593,960,612",13697
Hungary,2010,2489,9514005,26.16143254,"130,922,638,689",13761
Iceland,1991,37,235900,15.68461212,"6,807,365,898",28857
Iceland,1992,28,238000,11.76470588,"6,976,080,331",29311
Iceland,1993,26,240500,10.81081081,"6,126,456,175",25474
Iceland,1994,25,242700,10.30078286,"6,294,803,497",25937
Iceland,1995,27,244700,11.03391908,"7,018,100,153",28680
Iceland,1996,33,246500,13.38742394,"7,330,965,239",29740
Iceland,1997,33,248929,13.2567921,"7,548,912,105",30326
Iceland,1998,30,252253,11.89282189,"8,453,704,212",33513
Iceland,1999,31,255820,12.1178954,"8,917,286,036",34858
Iceland,2000,50,259723,19.25127925,"8,927,140,438",34372
Iceland,2001,36,263738,13.64991014,"8,136,345,144",30850
Iceland,2002,30,266455,11.25893678,"9,207,689,916",34556
Iceland,2003,26,268330,9.689561361,"11,316,441,660",42174
Iceland,2004,35,271588,12.88716733,"13,722,824,251",50528
Iceland,2005,33,274929,12.00309898,"16,691,490,114",60712
Iceland,2006,32,282999,11.30746045,"17,048,647,568",60243
Iceland,2007,37,289712,12.77130392,"21,319,946,740",73590
Iceland,2008,38,296836,12.80168174,"17,658,408,759",59489
Iceland,2009,36,296204,12.1537859,"12,944,114,736",43700
Iceland,2010,46,294620,15.61333243,"13,310,567,803",45179
Ireland,1991,345,3252100,10.60852987,"49,847,128,533",15328
Ireland,1992,362,3283400,11.02515685,"55,985,506,499",17051
Ireland,1993,326,3306500,9.859367912,"52,480,253,169",15872
Ireland,1994,394,3326000,11.84606133,"57,166,037,102",17188
Ireland,1995,403,3345900,12.04459189,"69,222,626,263",20689
Ireland,1996,408,3375800,12.08602405,"75,880,632,560",22478
Ireland,1997,466,3414285,13.64853842,"82,826,146,132",24259
Ireland,1998,498,3449415,14.43723066,"90,082,034,316",26115
Ireland,1999,424,3481871,12.17736096,"98,691,849,563",28344
Ireland,2000,463,3523376,13.14080586,"99,853,528,653",28340
Ireland,2001,488,3573974,13.65426833,"109,133,512,304",30536
Ireland,2002,449,3639573,12.33661201,"127,945,379,258",35154
Ireland,2003,454,3694079,12.28993749,"164,285,112,867",44473
Ireland,2004,464,3752679,12.36450013,"193,870,350,137",51662
Ireland,2005,451,3833357,11.76514475,"211,650,764,830",55213
Ireland,2006,452,3937578,11.47913768,"232,085,535,065",58941
Ireland,2007,458,4026707,11.37405826,"269,917,519,847",67032
Ireland,2008,506,4094192,12.35897095,"275,020,023,436",67173
Ireland,2009,527,4117667,12.79850945,"236,311,336,482",57390
Ireland,2010,486,4264857,11.39545828,"221,951,354,762",52042
Israel,1991,359,4423200,8.116295894,"67,530,220,219",15267
Israel,1992,381,4588900,8.302643335,"75,575,902,932",16469
Israel,1993,371,4717000,7.865168539,"75,954,641,355",16102
Israel,1994,416,4844900,8.586348531,"86,307,135,997",17814
Israel,1995,360,4977700,7.232255861,"100,343,219,507",20159
Israel,1996,306,5103700,5.995650215,"109,957,321,960",21545
Israel,1997,379,5233500,7.241807586,"114,724,862,034",21921
Israel,1998,318,5360200,5.932614455,"115,979,230,547",21637
Israel,1999,368,5497047,6.694503431,"117,189,920,212",21319
Israel,2000,394,5643291,6.981741682,"132,339,311,284",23451
Israel,2001,398,5777467,6.888832078,"130,706,147,871",22623
Israel,2002,382,5895508,6.479509484,"121,069,378,150",20536
Israel,2003,417,6003127,6.946379778,"126,864,966,909",21133
Israel,2004,411,6109931,6.726753543,"135,445,033,199",22168
Israel,2005,425,6220861,6.831851732,"142,462,925,574",22901
Israel,2006,367,6334485,5.793683307,"153,966,916,311",24306
Israel,2007,326,6448814,5.055193094,"178,706,717,753",27712
Israel,2008,354,6565602,5.391737117,"215,840,354,627",32874
Israel,2009,404,6731835,6.001335446,"207,419,370,241",30812
Israel,2010,480,6849825,7.007478293,"233,609,522,091",34104
Italy,1991,4453,54465500,8.175817719,"1,242,109,397,534",22805
Italy,1992,4543,54154898,8.38889956,"1,315,806,985,860",24297
Italy,1993,4697,54140523,8.6755719,"1,061,445,225,791",19605
Italy,1994,4536,54143049,8.377806725,"1,095,590,833,694",20235
Italy,1995,4569,54141172,8.439048937,"1,170,787,352,906",21625
Italy,1996,4689,54150332,8.659226688,"1,308,929,351,236",24172
Italy,1997,4694,54181477,8.663477373,"1,239,050,932,242",22869
Italy,1998,4504,54250592,8.30221355,"1,266,309,245,009",23342
Italy,1999,4115,54280527,7.580987561,"1,248,563,179,203",23002
Italy,2000,4108,54298946,7.565524384,"1,141,759,996,315",21027
Italy,2001,4030,54333844,7.417108202,"1,162,317,852,349",21392
Italy,2002,4069,54526842,7.462379721,"1,266,510,634,293",23227
Italy,2003,4075,54937570,7.417510458,"1,569,649,661,400",28572
Italy,2004,3986,54988156,7.248833731,"1,798,314,750,435",32704
Italy,2005,3742,55244690,6.77350167,"1,852,661,982,341",33536
Italy,2006,3700,56180672,6.585894879,"1,942,633,797,516",34578
Italy,2007,3757,56583578,6.639735649,"2,203,053,380,783",38935
Italy,2008,3904,57009825,6.847942438,"2,390,729,163,615",41935
Italy,2009,3974,57351830,6.929159889,"2,185,160,183,384",38101
Italy,2010,3989,57637843,6.92080028,"2,125,058,244,243",36869
Jamaica,1991,1,2154835,0.046407266,"4,071,219,198",1889
Jamaica,2000,3,2367841,0.126697696,"8,985,352,832",3795
Jamaica,2001,5,2391278,0.209093213,"9,178,016,493",3838
Jamaica,2002,2,2415717,0.082791155,"9,694,169,757",4013
Jamaica,2003,2,2440426,0.081952905,"9,399,447,609",3852
Jamaica,2004,1,2464408,0.040577697,"10,150,978,155",4119
Jamaica,2005,51,2487169,2.05052411,"11,204,416,000",4505
Jamaica,2006,0,2512597,0,"11,905,525,197",4738
Jamaica,2009,36,2568883,1.401387296,"12,038,829,246",4686
Jamaica,2010,3,2586652,0.115980039,"13,191,645,686",5100
Japan,1991,19780,116802000,16.93464153,"3,584,420,077,101",30688
Japan,1992,20756,117311000,17.69314046,"3,908,809,463,464",33320
Japan,1993,20353,117735000,17.28712787,"4,454,143,876,947",37832
Japan,1994,20744,118064000,17.57013145,"4,907,039,384,470",41563
Japan,1995,21249,118349500,17.95444848,"5,449,116,304,981",46043
Japan,1996,21967,118785000,18.49307573,"4,833,712,542,207",40693
Japan,1997,23280,119060000,19.55316647,"4,414,732,843,544",37080
Japan,1998,31458,119338000,26.36042166,"4,032,509,760,873",33791
Japan,1999,31115,119540000,26.02894429,"4,562,078,822,335",38164
Japan,2000,29989,119752660,25.04245,"4,887,519,660,745",40813
Japan,2001,29132,120066000,24.26332184,"4,303,544,259,843",35843
Japan,2002,29715,120189000,24.72356039,"4,115,116,279,070",34239
Japan,2003,31881,120395000,26.48033556,"4,445,658,071,222",36926
Japan,2004,30034,120500000,24.92448133,"4,815,148,854,362",39960
Japan,2005,30369,120657507,25.16959015,"4,755,410,630,912",39412
Japan,2006,29769,120702000,24.66322016,"4,530,377,224,970",37534
Japan,2007,30665,120704000,25.40512328,"4,515,264,514,431",37408
Japan,2008,30073,120602000,24.93573904,"5,037,908,465,114",41773
Japan,2009,30523,120496000,25.33113132,"5,231,382,674,594",43415
Japan,2010,29411,121127267,24.2810729,"5,700,098,114,744",47059
Kazakhstan,1991,3082,14952800,20.61152426,"24,881,135,586",1664
Kazakhstan,1992,3356,15150100,22.15166897,"24,906,939,560",1644
Kazakhstan,1993,4019,15331400,26.21417483,"23,409,027,476",1527
Kazakhstan,1994,4024,15229600,26.42223039,"21,250,839,258",1395
Kazakhstan,1995,4706,14989600,31.3951006,"20,374,307,047",1359
Kazakhstan,1996,4773,14487700,32.94518799,"21,035,357,833",1452
Kazakhstan,1997,4642,14394600,32.24820419,"22,165,932,063",1540
Kazakhstan,1998,4313,13844200,31.1538406,"22,135,245,413",1599
Kazakhstan,1999,3991,13773400,28.97614242,"16,870,817,135",1225
Kazakhstan,2000,4428,13772422,32.15120768,"18,291,990,619",1328
Kazakhstan,2001,4377,13772696,31.78027018,"22,152,694,162",1608
Kazakhstan,2002,4240,13777476,30.77486762,"24,636,593,223",1788
Kazakhstan,2003,4321,13811863,31.2847007,"30,833,699,703",2232
Kazakhstan,2004,4394,13873328,31.67228512,"43,151,647,003",3110
Kazakhstan,2005,3903,13947770,27.98296789,"57,123,671,734",4096
Kazakhstan,2006,4076,14037676,29.0361453,"81,003,884,545",5770
Kazakhstan,2007,4141,14125606,29.31555644,"104,849,886,826",7423
Kazakhstan,2008,3997,14216053,28.11610227,"133,441,612,247",9387
Kazakhstan,2009,3838,14370635,26.70724015,"115,308,661,143",8024
Kazakhstan,2010,3609,14713167,24.52904939,"148,047,348,241",10062
Kiribati,1991,10,61855,16.16684181,"47,515,189",768
Kiribati,1992,4,62856,6.363752068,"47,737,955",759
Kiribati,1993,12,63848,18.79463726,"46,919,625",735
Kiribati,1994,10,64871,15.41520864,"54,832,578",845
Kiribati,1995,2,65923,3.033842513,"56,338,028",855
Kiribati,1996,6,67126,8.938414325,"66,515,377",991
Kiribati,1997,5,68328,7.317644304,"67,537,480",988
Kiribati,1998,4,69570,5.749604715,"65,334,841",939
Kiribati,1999,0,70938,0,"69,032,258",973
Kiribati,2000,0,72440,0,"67,254,174",928
Kiribati,2001,0,73851,0,"63,101,272",854
Kuwait,1993,18,1273600,1.413316583,"23,941,391,391",18798
Kuwait,1994,30,1448000,2.071823204,"24,848,483,838",17161
Kuwait,1995,26,1511100,1.720600887,"27,191,689,008",17995
Kuwait,1996,30,1568700,1.912411551,"31,493,987,642",20076
Kuwait,1997,33,1617500,2.040185471,"30,354,434,553",18766
Kuwait,1998,35,1825766,1.917003603,"25,941,929,462",14209
Kuwait,1999,46,1898700,2.422710275,"30,121,879,435",15864
Kuwait,2000,34,1973153,1.723130441,"37,711,864,407",19112
Kuwait,2001,30,2038530,1.471648688,"34,890,772,742",17116
Kuwait,2002,45,2158603,2.08468162,"38,137,545,245",17668
Kuwait,2003,44,1950622,2.255690749,"47,875,838,926",24544
Kuwait,2004,45,1996086,2.254411884,"59,440,108,585",29778
Kuwait,2005,52,2062968,2.520640165,"80,797,945,205",39166
Kuwait,2006,45,2165713,2.077837645,"101,550,654,721",46890
Kuwait,2007,51,3074918,1.658580814,"114,641,097,818",37283
Kuwait,2008,47,3369394,1.394909589,"147,395,833,333",43746
Kuwait,2009,61,3165654,1.926932002,"105,899,930,507",33453
Kuwait,2010,39,3281614,1.188439591,"115,419,050,942",35171
Kyrgyzstan,1991,543,3796500,14.30264718,"2,570,833,333",677
Kyrgyzstan,1992,491,3839300,12.78878962,"2,316,562,500",603
Kyrgyzstan,1993,563,3841200,14.65687806,"2,028,295,455",528
Kyrgyzstan,1994,581,3851100,15.08659863,"1,681,006,993",437
Kyrgyzstan,1995,605,3905400,15.49137092,"1,661,018,519",425
Kyrgyzstan,1996,480,3978800,12.06393888,"1,827,570,586",459
Kyrgyzstan,1997,496,4059900,12.21704968,"1,767,864,036",435
Kyrgyzstan,1998,509,4139700,12.29557697,"1,645,963,750",398
Kyrgyzstan,1999,556,4298100,12.93594844,"1,249,062,025",291
Kyrgyzstan,2000,510,4369202,11.67261207,"1,369,693,171",313
Kyrgyzstan,2001,560,4425784,12.65312541,"1,525,112,242",345
Kyrgyzstan,2002,567,4473163,12.67559443,"1,605,640,633",359
Kyrgyzstan,2003,479,4520843,10.59536905,"1,919,012,781",424
Kyrgyzstan,2004,438,4572278,9.579470015,"2,211,535,312",484
Kyrgyzstan,2005,470,4614533,10.18521267,"2,460,248,026",533
Kyrgyzstan,2006,463,4646475,9.964543014,"2,834,168,889",610
Kyrgyzstan,2007,482,4668640,10.32420576,"3,802,566,171",814
Kyrgyzstan,2008,473,4690924,10.08330129,"5,139,957,785",1096
Kyrgyzstan,2009,458,4800134,9.541400303,"4,690,062,255",977
Kyrgyzstan,2010,500,4837556,10.33579766,"4,794,357,795",991
Latvia,1995,1024,2374700,43.12123637,"5,788,368,511",2438
Latvia,1996,922,2363400,39.01159347,"5,970,044,666",2526
Latvia,1997,886,2354700,37.62687391,"6,525,676,264",2771
Latvia,1998,839,2344100,35.7919884,"7,174,985,107",3061
Latvia,1999,763,2333400,32.69906574,"7,533,187,605",3228
Latvia,2000,770,2272107,33.88924905,"7,937,758,980",3494
Latvia,2001,708,2242227,31.57575036,"8,350,252,966",3724
Latvia,2002,670,2214484,30.2553552,"9,546,441,564",4311
Latvia,2003,604,2190211,27.57725169,"11,748,433,157",5364
Latvia,2004,563,2163477,26.02292513,"14,373,269,156",6644
Latvia,2005,564,2137831,26.38187958,"16,922,504,045",7916
Latvia,2006,487,2115215,23.02366426,"21,447,021,570",10139
Latvia,2007,453,2093878,21.63449829,"30,901,399,261",14758
Latvia,2008,527,2067529,25.48936436,"35,596,016,664",17217
Latvia,2009,516,2030316,25.41476302,"26,169,854,045",12890
Latvia,2010,438,1987906,22.03323497,"23,757,368,290",11951
Lithuania,1995,1694,3387149,50.01256219,"7,870,782,261",2324
Lithuania,1996,1722,3375163,51.01975816,"8,385,109,020",2484
Lithuania,1997,1632,3364273,48.50973747,"10,120,274,493",3008
Lithuania,1998,1553,3350973,46.34474823,"11,240,360,898",3354
Lithuania,1999,1550,3333452,46.49834466,"10,972,878,636",3292
Lithuania,2000,1631,3315125,49.19874816,"11,539,211,480",3481
Lithuania,2001,1533,3294138,46.53721247,"12,252,498,921",3719
Lithuania,2002,1551,3274488,47.36618366,"14,278,357,284",4360
Lithuania,2003,1455,3254127,44.71245283,"18,802,576,988",5778
Lithuania,2004,1380,3222969,42.81766284,"22,649,930,576",7028
Lithuania,2005,1319,3174728,41.54686638,"26,125,575,942",8229
Lithuania,2006,1049,3125767,33.55976309,"30,216,060,233",9667
Lithuania,2007,1025,3087867,33.19443486,"39,738,180,077",12869
Lithuania,2008,1111,3053756,36.38142668,"47,850,551,149",15669
Lithuania,2009,1138,3016497,37.72587873,"37,440,673,478",12412
Lithuania,2010,1018,2949737,34.51155137,"37,120,517,694",12584
Luxembourg,1991,77,362900,21.21796638,"14,321,878,795",39465
Luxembourg,1992,59,367300,16.06316363,"16,065,740,778",43740
Luxembourg,1993,64,372000,17.20430108,"16,486,900,187",44320
Luxembourg,1994,74,377000,19.62864721,"18,325,791,415",48610
Luxembourg,1995,63,382100,16.48783041,"21,588,170,498",56499
Luxembourg,1996,72,387700,18.5710601,"21,776,609,772",56169
Luxembourg,1997,81,392600,20.63168619,"19,731,912,494",50260
Luxembourg,1998,64,397915,16.083837,"20,209,122,027",50788
Luxembourg,1999,70,403890,17.33145163,"22,235,929,043",55054
Luxembourg,2000,62,410164,15.11590486,"21,263,514,833",51841
Luxembourg,2001,73,413930,17.63583215,"21,272,418,792",51391
Luxembourg,2002,85,418106,20.32977283,"23,616,328,816",56484
Luxembourg,2003,48,423654,11.33000042,"29,557,325,056",69768
Luxembourg,2004,62,430128,14.41431388,"34,685,281,848",80639
Luxembourg,2005,49,437338,11.20414874,"37,347,394,603",85397
Luxembourg,2006,65,444821,14.61261946,"42,414,308,117",95351
Luxembourg,2007,78,452012,17.25617904,"50,888,134,410",112581
Luxembourg,2008,43,460371,9.340292938,"55,849,686,539",121315
Luxembourg,2009,48,469209,10.2299828,"51,370,543,206",109483
Luxembourg,2010,54,477979,11.29756747,"53,212,476,812",111328
Macau,1994,27,346542,7.791263397,"6,265,844,252",18081
Maldives,2000,0,247387,0,"624,337,145",2524
Maldives,2001,3,255503,1.174154511,"870,179,739",3406
Maldives,2002,3,263747,1.137453696,"897,031,250",3401
Maldives,2003,4,272110,1.469993753,"1,052,121,055",3867
Maldives,2004,1,280526,0.356473197,"1,226,829,563",4373
Maldives,2005,1,288936,0.346097406,"1,163,362,438",4026
Maldives,2007,5,305536,1.63646837,"1,868,383,461",6115
Maldives,2008,0,313924,0,"2,271,646,188",7236
Maldives,2010,1,331559,0.301605446,"2,588,176,055",7806
Malta,1991,10,330800,3.022974607,"2,750,041,434",8313
Malta,1992,18,334300,5.384385283,"3,021,910,217",9040
Malta,1993,16,337700,4.737933077,"2,709,178,327",8022
Malta,1994,15,341700,4.389815628,"2,998,570,147",8775
Malta,1995,17,344900,4.928964917,"3,439,931,907",9974
Malta,1996,10,348200,2.871912694,"3,570,271,558",10254
Malta,1997,15,350400,4.280821918,"3,705,372,039",10575
Malta,1998,12,353400,3.395585739,"3,923,637,971",11103
Malta,1999,27,355600,7.5928009,"4,127,313,818",11607
Malta,2000,23,362676,6.341748558,"4,306,192,436",11873
Malta,2001,30,370541,8.096270048,"4,331,870,648",11691
Malta,2002,19,374456,5.074027389,"4,689,832,690",12524
Malta,2003,20,377785,5.294016438,"5,456,583,589",14444
Malta,2004,24,380918,6.300568626,"6,062,780,269",15916
Malta,2005,19,384111,4.946486823,"6,394,851,387",16648
Malta,2006,26,386038,6.735088256,"6,757,119,558",17504
Malta,2007,26,387581,6.708275173,"7,880,509,171",20333
Malta,2008,14,390195,3.587949615,"8,977,149,553",23007
Malta,2009,36,393102,9.157928477,"8,528,202,278",21695
Malta,2010,31,394949,7.849114696,"8,741,059,603",22132
Mauritius,1991,137,938100,14.60398678,"2,856,890,681",3045
Mauritius,1992,146,948300,15.39597174,"3,224,267,548",3400
Mauritius,1993,138,958300,14.40050089,"3,263,368,410",3405
Mauritius,1994,129,972800,13.26069079,"3,558,137,040",3658
Mauritius,1995,147,981900,14.97097464,"4,040,345,933",4115
Mauritius,1996,153,995000,15.37688442,"4,421,943,910",4444
Mauritius,1997,122,1011700,12.05891074,"4,187,367,602",4139
Mauritius,1998,155,1026300,15.10279645,"4,169,664,285",4063
Mauritius,1999,174,1042400,16.69224866,"4,291,172,816",4117
Mauritius,2000,137,1056073,12.97258807,"4,582,555,125",4339
Mauritius,2001,113,1068947,10.57115086,"4,536,538,211",4244
Mauritius,2002,131,1079755,12.13238188,"4,767,303,154",4415
Mauritius,2003,88,1092234,8.056881584,"5,609,831,328",5136
Mauritius,2004,97,1103091,8.793472161,"6,385,695,187",5789
Mauritius,2005,102,1113942,9.156670635,"6,283,803,256",5641
Mauritius,2006,118,1125301,10.48608328,"7,028,803,366",6246
Mauritius,2007,127,1135233,11.18713075,"8,150,138,757",7179
Mauritius,2008,84,1146258,7.328193129,"9,990,370,016",8716
Mauritius,2009,115,1159551,9.917631911,"9,128,843,109",7873
Mauritius,2010,98,1164931,8.412515419,"10,003,670,690",8587
Mexico,1991,2103,74796300,2.811636404,"314,454,015,372",4204
Mexico,1992,2237,75285800,2.971343866,"363,609,163,462",4830
Mexico,1993,2342,76826800,3.048415397,"500,736,065,605",6518
Mexico,1994,2588,78374100,3.302111284,"527,813,238,126",6735
Mexico,1995,2877,79927100,3.599530072,"360,073,909,244",4505
Mexico,1996,3008,83802294,3.589400548,"410,975,595,310",4904
Mexico,1997,3350,85340880,3.925434094,"500,413,483,109",5864
Mexico,1998,3312,86825678,3.814539749,"526,502,129,378",6064
Mexico,1999,3327,88271977,3.769033065,"600,232,874,043",6800
Mexico,2000,3456,89694793,3.853066476,"707,906,744,575",7892
Mexico,2001,3760,91052714,4.129476031,"756,706,300,590",8311
Mexico,2002,3826,92394316,4.140947372,"772,106,378,935",8357
Mexico,2003,4070,93758859,4.340923133,"729,336,319,677",7779
Mexico,2004,4056,95193068,4.260814453,"782,240,601,985",8217
Mexico,2005,4274,96730008,4.418484076,"877,476,221,382",9071
Mexico,2006,4230,98468839,4.295775235,"975,387,131,716",9906
Mexico,2007,4285,100294297,4.272426377,"1,052,696,282,279",10496
Mexico,2008,4642,102170587,4.543381942,"1,109,989,038,339",10864
Mexico,2009,5023,104044342,4.827749307,"900,045,362,045",8651
Mexico,2010,4858,105875861,4.588392438,"1,057,801,282,051",9991
Montenegro,2000,0,578668,0,"984,297,589",1701
Montenegro,2001,0,578668,0,"1,159,869,246",2004
Montenegro,2002,0,578668,0,"1,284,685,051",2220
Montenegro,2003,0,579688,0,"1,707,710,053",2946
Montenegro,2004,0,581623,0,"2,073,234,418",3565
Montenegro,2005,118,583232,20.23208603,"2,257,174,481",3870
Montenegro,2006,0,584885,0,"2,721,904,403",4654
Montenegro,2007,121,587244,20.60472308,"3,680,710,375",6268
Montenegro,2008,126,589953,21.35763357,"4,545,674,528",7705
Montenegro,2009,107,592234,18.0671829,"4,159,330,370",7023
Netherlands,1991,1611,14114800,11.41355173,"323,320,449,906",22906
Netherlands,1992,1587,14216900,11.16277107,"358,330,385,840",25205
Netherlands,1993,1555,14313600,10.86379387,"349,037,818,106",24385
Netherlands,1994,1584,14397700,11.00175723,"374,291,430,318",25997
Netherlands,1995,1511,14474000,10.43940859,"446,528,959,649",30850
Netherlands,1996,1577,14553700,10.83573249,"445,704,575,163",30625
Netherlands,1997,1572,14639900,10.73777826,"412,199,006,099",28156
Netherlands,1998,1519,14734600,10.30906845,"432,476,116,419",29351
Netherlands,1999,1519,14832000,10.24137001,"441,975,282,335",29799
Netherlands,2000,1501,14933235,10.05140547,"412,807,259,996",27644
Netherlands,2001,1474,15038337,9.801615697,"426,573,601,790",28366
Netherlands,2002,1570,15130318,10.37651687,"465,368,906,456",30757
Netherlands,2003,1502,15203397,9.879371038,"571,863,431,151",37614
Netherlands,2004,1514,15265861,9.917553946,"650,532,654,582",42614
Netherlands,2005,1574,15320595,10.27375242,"678,533,764,457",44289
Netherlands,2006,1525,15368697,9.922767037,"726,649,102,998",47281
Netherlands,2007,1354,15425404,8.777727961,"839,419,655,078",54418
Netherlands,2008,1439,15506963,9.279702286,"936,228,211,513",60375
Netherlands,2009,1530,15602176,9.806324451,"857,932,759,100",54988
Netherlands,2010,1604,15691409,10.22215405,"836,389,937,229",53302
New Zealand,1991,474,3203900,14.79446924,"42,756,020,707",13345
New Zealand,1992,493,3235600,15.23674125,"41,636,005,955",12868
New Zealand,1993,443,3273200,13.53415618,"46,712,018,141",14271
New Zealand,1994,512,3319500,15.42400964,"55,154,160,816",16615
New Zealand,1995,545,3373800,16.15389175,"63,918,039,320",18945
New Zealand,1996,540,3432500,15.73197378,"70,140,835,299",20434
New Zealand,1997,562,3470200,16.19503199,"66,074,513,018",19041
New Zealand,1998,574,3502800,16.38689049,"56,227,696,195",16052
New Zealand,1999,516,3549300,14.53807793,"58,762,260,626",16556
New Zealand,2000,458,3573690,12.81588498,"52,622,842,840",14725
New Zealand,2001,508,3599090,14.11467899,"53,872,425,917",14968
New Zealand,2002,467,3659190,12.7623873,"66,627,729,311",18208
New Zealand,2003,519,3729420,13.91637306,"88,250,885,550",23663
New Zealand,2004,495,3802510,13.01771724,"103,904,537,815",27325
New Zealand,2005,514,3849280,13.35314656,"114,718,721,397",29803
New Zealand,2006,527,3898600,13.51767301,"111,608,845,081",28628
New Zealand,2007,494,3935450,12.55256705,"137,316,087,308",34892
New Zealand,2008,520,3968450,13.10335269,"133,279,679,483",33585
New Zealand,2009,512,4009980,12.76814348,"121,338,622,025",30259
New Zealand,2010,536,4055470,13.21671717,"146,583,831,538",36145
Nicaragua,2010,351,5107427,6.87234492,"8,758,622,329",1715
Norway,1991,675,3972600,16.99139103,"121,872,464,483",30678
Norway,1992,616,3989800,15.43937039,"130,838,040,068",32793
Norway,1993,590,4010500,14.71138262,"120,579,072,751",30066
Norway,1994,531,4033300,13.16539806,"127,131,461,120",31520
Norway,1995,548,4055900,13.51118124,"152,027,402,450",37483
Norway,1996,517,4078000,12.67778323,"163,517,783,497",40098
Norway,1997,533,4102100,12.99334487,"161,354,369,893",39335
Norway,1998,548,4129400,13.27069308,"154,165,219,812",37334
Norway,1999,583,4159745,14.01528219,"162,286,003,693",39013
Norway,2000,541,4168315,12.97886556,"171,315,639,983",41099
Norway,2001,549,4215103,13.02459276,"174,003,247,439",41281
Norway,2002,494,4243689,11.64081534,"195,418,347,153",46049
Norway,2003,502,4273124,11.74784537,"228,752,436,372",53533
Norway,2004,529,4301960,12.29672056,"264,357,494,659",61450
Norway,2005,533,4335092,12.29501012,"308,722,079,938",71215
Norway,2006,532,4372103,12.16805734,"345,424,664,369",79007
Norway,2007,485,4417369,10.97938615,"401,082,621,083",90797
Norway,2008,505,4472089,11.29226185,"462,554,432,624",103431
Norway,2009,573,4527536,12.65589053,"386,622,457,580",85394
Norway,2010,548,4582885,11.9575333,"429,130,952,709",93638
Oman,2009,13,2607549,0.498552472,"48,388,296,489",18557
Oman,2010,13,2748440,0.47299559,"58,642,392,718",21337
Panama,1996,113,2472851,4.569624292,"9,870,494,000",3992
Panama,1997,145,2526210,5.739823688,"10,677,286,100",4227
Panama,1998,148,2579433,5.737695067,"11,575,486,400",4488
Panama,1999,143,2633348,5.430349502,"12,130,252,200",4606
Panama,2000,143,2688510,5.318931304,"12,304,115,000",4577
Panama,2001,162,2742982,5.905981155,"12,502,013,400",4558
Panama,2002,160,2800046,5.714191838,"12,994,310,400",4641
Panama,2003,195,2858964,6.820652516,"13,693,981,200",4790
Panama,2004,186,2918453,6.373239521,"15,013,381,700",5144
Panama,2005,172,2977595,5.776473966,"16,374,393,900",5499
Panama,2006,185,3037959,6.089614771,"18,141,666,300",5972
Panama,2007,171,3097138,5.521226371,"21,295,984,200",6876
Panama,2008,186,3155636,5.894215936,"25,155,888,600",7972
Panama,2009,177,3214513,5.506277312,"27,116,635,600",8436
Panama,2010,151,3274415,4.611510758,"29,440,287,600",8991
Paraguay,1991,75,3662812,2.047607139,"6,984,367,763",1907
Paraguay,1994,108,3972517,2.718679366,"7,870,982,171",1981
Paraguay,1995,118,4076758,2.894456821,"9,062,131,308",2223
Paraguay,1996,99,4181422,2.36761561,"9,788,391,733",2341
Paraguay,1997,126,4284973,2.94050861,"9,965,225,497",2326
Paraguay,1998,138,4388094,3.144873378,"9,024,567,484",2057
Paraguay,1999,161,4492220,3.583974071,"8,392,549,702",1868
Paraguay,2000,154,4598158,3.34916721,"8,195,993,231",1782
Paraguay,2001,152,4701314,3.23313865,"7,662,595,076",1630
Paraguay,2002,177,4809921,3.679894119,"6,325,151,760",1315
Paraguay,2003,174,4920489,3.536233899,"6,588,103,836",1339
Paraguay,2004,234,5027301,4.654585035,"8,033,877,360",1598
Paraguay,2005,239,5126457,4.662089236,"8,734,653,809",1704
Paraguay,2006,251,5223460,4.805244034,"10,646,157,920",2038
Paraguay,2007,227,5307169,4.277233305,"13,794,910,634",2599
Paraguay,2008,222,5382169,4.124731126,"18,504,130,753",3438
Paraguay,2009,283,5456220,5.186741004,"15,929,902,138",2920
Paraguay,2010,223,5534703,4.029123153,"20,030,528,043",3619
Philippines,1992,347,55304684,0.627433293,"52,976,344,929",958
Philippines,1993,846,56781569,1.489920083,"54,368,083,953",957
Philippines,1997,814,62772694,1.296742179,"82,344,260,571",1312
Philippines,1998,883,64252614,1.374263154,"72,207,028,767",1124
Philippines,1999,1043,65740201,1.586548237,"82,995,145,792",1262
Philippines,2000,1403,67243482,2.086447576,"81,026,300,311",1205
Philippines,2001,1204,68738092,1.751576113,"76,262,072,468",1109
Philippines,2002,1301,70256443,1.851787458,"81,357,605,642",1158
Philippines,2003,1544,71781489,2.150972377,"83,908,206,648",1169
Philippines,2006,1788,76435755,2.339219388,"122,210,716,310",1599
Philippines,2007,1698,78008654,2.176681577,"149,359,918,060",1915
Philippines,2008,1820,79595888,2.28655028,"174,195,136,253",2188
Philippines,2009,2074,81193855,2.554380501,"168,334,601,260",2073
Philippines,2010,2116,82760992,2.556760074,"199,590,775,189",2412
Poland,1991,5316,35396300,15.01851888,"85,500,935,935",2416
Poland,1992,5713,35605400,16.04531897,"94,337,050,693",2650
Poland,1993,5624,35792600,15.71274509,"96,045,645,026",2683
Poland,1994,5519,35960000,15.34760845,"110,803,391,517",3081
Poland,1995,5499,36104900,15.23061967,"142,137,319,588",3937
Poland,1996,5446,36243300,15.02622554,"159,942,880,457",4413
Poland,1999,5779,36575200,15.80032372,"169,717,677,901",4640
Poland,2000,5841,36233344,16.12051043,"171,885,598,583",4744
Poland,2001,5855,36295390,16.13152524,"190,521,263,343",5249
Poland,2002,5925,36347498,16.30098446,"198,680,637,255",5466
Poland,2003,5836,36353775,16.05335347,"217,513,049,292",5983
Poland,2004,6072,36371596,16.69434577,"255,102,252,843",7014
Poland,2005,6045,36371365,16.62021758,"306,125,173,853",8417
Poland,2006,5805,36348232,15.97051543,"344,748,646,558",9485
Poland,2007,5284,36310843,14.55212703,"429,063,549,984",11816
Poland,2008,5682,36262711,15.66898845,"533,815,789,474",14721
Poland,2009,6477,36223402,17.88070596,"439,796,160,379",12141
Poland,2010,6357,36027791,17.64471211,"479,321,460,551",13304
Portugal,1991,942,9410507,10.01008766,"89,242,382,961",9483
Portugal,1992,866,9401557,9.211240223,"107,602,689,041",11445
Portugal,1993,780,9410082,8.288981966,"95,019,103,603",10098
Portugal,1994,762,9436009,8.075447999,"99,698,453,261",10566
Portugal,1995,809,9473844,8.539300415,"118,133,634,072",12469
Portugal,1996,653,9515960,6.862155789,"122,629,812,841",12887
Portugal,1997,628,9564579,6.565892759,"117,046,198,971",12237
Portugal,1998,556,9617110,5.781362592,"123,981,736,420",12892
Portugal,1999,545,9671357,5.635196798,"127,465,545,493",13180
Portugal,2000,524,9740085,5.379829847,"118,358,489,958",12152
Portugal,2001,761,9809536,7.75775735,"121,545,880,984",12391
Portugal,2002,1210,9859832,12.27201437,"134,228,697,534",13614
Portugal,2003,1156,9895009,11.68265739,"164,964,195,260",16671
Portugal,2007,1020,10005713,10.19417607,"240,169,336,162",24003
Portugal,2008,1038,10030640,10.34829283,"262,007,590,450",26121
Portugal,2009,1025,10049918,10.19908819,"243,745,748,819",24254
Portugal,2010,1099,10066628,10.91726048,"238,303,443,425",23673
Puerto Rico,1991,355,3237200,10.96626714,"32,287,031,000",9974
Puerto Rico,1992,314,3287900,9.550168801,"34,630,430,000",10533
Puerto Rico,1993,345,3312472,10.41518238,"36,922,456,000",11146
Puerto Rico,1994,355,3343624,10.61722251,"39,690,630,000",11871
Puerto Rico,1995,289,3375154,8.562572256,"42,647,331,000",12636
Puerto Rico,1996,331,3401823,9.730077079,"45,340,835,000",13328
Puerto Rico,1997,273,3432757,7.952791299,"48,187,039,000",14037
Puerto Rico,1998,321,3464834,9.264513105,"54,086,400,000",15610
Puerto Rico,1999,289,3492721,8.274351143,"57,841,000,000",16560
Puerto Rico,2000,305,3511947,8.684641312,"61,701,800,000",17569
Puerto Rico,2001,289,3522212,8.205071131,"69,208,400,000",19649
Puerto Rico,2002,239,3523951,6.782160138,"71,623,500,000",20325
Puerto Rico,2003,262,3519026,7.44524195,"74,827,400,000",21264
Puerto Rico,2004,279,3511462,7.945408494,"80,322,313,000",22874
Puerto Rico,2005,289,3504599,8.246307209,"83,914,521,300",23944
Puerto Rico,2006,265,3499036,7.573514534,"87,276,164,400",24943
Puerto Rico,2007,271,3493631,7.756972617,"89,524,131,600",25625
Puerto Rico,2008,300,3488811,8.598918084,"93,639,316,000",26840
Puerto Rico,2009,330,3484474,9.470582934,"96,385,638,000",27661
Puerto Rico,2010,286,3480379,8.217495853,"98,381,268,000",28267
Qatar,1995,0,463449,0,"8,137,911,978",17559
Qatar,2001,23,539483,4.263341014,"17,538,461,538",32510
Qatar,2004,21,697191,3.012087075,"31,734,065,934",45517
Qatar,2005,17,796618,2.134021576,"44,530,494,505",55899
Qatar,2006,29,940090,3.084811029,"60,882,142,857",64762
Qatar,2007,41,1115479,3.675551041,"79,712,087,912",71460
Qatar,2008,33,1310465,2.518190108,"115,270,054,945",87961
Qatar,2009,44,1506649,2.920388226,"97,798,351,648",64911
Qatar,2010,47,1689592,2.781736656,"125,122,306,346",74055
Republic of Korea,1991,3069,39993700,7.673708609,"325,734,233,313",8145
Republic of Korea,1992,3533,40371200,8.751288047,"350,051,111,253",8671
Republic of Korea,1993,4124,40754800,10.11905346,"386,302,839,274",9479
Republic of Korea,1994,4212,41145300,10.23689218,"455,602,962,225",11073
Republic of Korea,1995,4841,42076400,11.50526186,"556,130,926,913",13217
Republic of Korea,1996,5857,42507100,13.77887459,"598,099,073,901",14071
Republic of Korea,1997,6024,42956100,14.02361946,"557,503,074,772",12978
Republic of Korea,1998,8569,43395700,19.74619605,"374,241,351,752",8624
Republic of Korea,1999,7075,43817300,16.1465905,"485,248,229,337",11074
Republic of Korea,2000,6444,44271743,14.55555974,"561,633,125,840",12686
Republic of Korea,2001,6911,44710865,15.45709304,"533,052,076,314",11922
Republic of Korea,2002,8611,45110041,19.08887647,"609,020,054,512",13501
Republic of Korea,2003,10898,45455888,23.97489188,"680,520,724,062",14971
Republic of Korea,2004,11492,45779970,25.10268137,"764,880,644,711",16708
Republic of Korea,2005,12011,46151884,26.02493974,"898,137,194,716",19460
Republic of Korea,2006,10653,46513964,22.90279968,"1,011,797,457,139",21753
Republic of Korea,2007,12174,46814207,26.00492624,"1,122,679,154,632",23982
Republic of Korea,2008,12858,47101747,27.29835053,"1,002,219,052,968",21278
Republic of Korea,2009,15402,47380017,32.50737542,"901,934,953,365",19036
Republic of Korea,2010,15558,47598615,32.685825,"1,094,499,338,703",22994
Romania,1991,2161,21458000,10.07083605,"28,998,684,211",1351
Romania,1992,2650,21227100,12.48404163,"25,121,666,667",1183
Romania,1993,2774,21307600,13.01882896,"26,362,894,737",1237
Romania,1994,2887,21386000,13.49948564,"30,074,440,483",1406
Romania,1995,2793,21451300,13.02018992,"37,662,075,750",1756
Romania,1996,2828,21397300,13.21662079,"37,182,938,696",1738
Romania,1997,2859,21369000,13.37919416,"35,838,588,170",1677
Romania,1998,2838,21338400,13.29996626,"41,976,002,704",1967
Romania,1999,2736,21310800,12.83856073,"36,183,003,978",1698
Romania,2000,2836,21290400,13.32055762,"37,438,527,800",1758
Romania,2001,2720,21272887,12.78622878,"40,716,836,998",1914
Romania,2002,3067,20700580,14.81600999,"46,174,557,556",2231
Romania,2003,2894,20656841,14.0098866,"59,867,801,205",2898
Romania,2004,2720,20610767,13.19698583,"76,216,441,462",3698
Romania,2005,2603,20569960,12.6543756,"99,697,566,668",4847
Romania,2006,2721,20526561,13.25599549,"123,533,036,668",6018
Romania,2007,2430,20475026,11.8681168,"175,933,642,292",8593
Romania,2008,2472,20433803,12.09760122,"213,605,065,703",10454
Romania,2009,2586,20390882,12.68213901,"172,611,845,342",8465
Romania,2010,2766,20348649,13.59304001,"166,658,327,827",8190
Russian Federation,1991,39281,137283000,28.61315676,"517,962,962,963",3773
Russian Federation,1992,45923,138118900,33.24888918,"460,290,556,901",3333
Russian Federation,1993,55846,137692800,40.55840247,"435,083,713,851",3160
Russian Federation,1994,61420,138476200,44.35419227,"395,077,301,248",2853
Russian Federation,1995,60548,139087100,43.53243399,"395,531,066,563",2844
Russian Federation,1996,57511,139272600,41.29383669,"391,719,993,757",2813
Russian Federation,1997,54746,139283200,39.30553003,"404,926,534,140",2907
Russian Federation,1998,51518,139122100,37.03078088,"270,953,116,950",1948
Russian Federation,1999,56974,138717800,41.07187398,"195,905,767,669",1412
Russian Federation,2000,56619,138205695,40.96719748,"259,708,496,267",1879
Russian Federation,2001,56958,137521509,41.41752109,"306,602,673,980",2229
Russian Federation,2002,55024,136590900,40.28379636,"345,110,438,692",2527
Russian Federation,2003,51445,137019868,37.54564995,"430,347,770,732",3141
Russian Federation,2004,49096,137071699,35.81775112,"591,016,690,743",4312
Russian Federation,2005,45802,136162191,33.63782535,"764,017,107,992",5611
Russian Federation,2006,42614,135357462,31.48256429,"989,930,542,279",7313
Russian Federation,2007,41149,134778964,30.53072882,"1,299,705,247,686",9643
Russian Federation,2008,38211,134385949,28.43377621,"1,660,844,408,500",12359
Russian Federation,2009,37408,134085433,27.89863087,"1,222,643,696,992",9118
Russian Federation,2010,33356,134865987,24.73270002,"1,524,916,112,079",11307
Saint Kitts and Nevis,1991,0,39100,0,"209,880,963",5368
Saint Kitts and Nevis,1992,0,39100,0,"229,434,519",5868
Saint Lucia,1991,6,122496,4.898119122,"513,753,818",4194
Saint Lucia,1992,11,124223,8.855042947,"566,894,749",4564
Saint Lucia,1993,8,125846,6.356975987,"574,870,405",4568
Saint Lucia,1994,6,127557,4.703779487,"600,005,564",4704
Saint Lucia,1995,10,129466,7.724035654,"640,449,501",4947
Saint Lucia,1996,7,131621,5.318300271,"662,196,185",5031
Saint Lucia,1997,9,133967,6.718072361,"676,949,594",5053
Saint Lucia,1998,8,136400,5.865102639,"737,554,872",5407
Saint Lucia,1999,8,138813,5.763148985,"775,934,813",5590
Saint Lucia,2000,14,141100,9.922041106,"784,159,229",5557
Saint Lucia,2001,7,143166,4.889429054,"743,808,076",5195
Saint Lucia,2002,12,145168,8.266284581,"748,346,606",5155
Saint Lucia,2003,10,147127,6.796848981,"823,837,141",5599
Saint Lucia,2004,8,149121,5.364770891,"893,107,211",5989
Saint Lucia,2005,4,151169,2.646045155,"951,207,366",6292
Saint Lucia,2006,2,153460,1.303271211,"1,134,193,630",7391
Saint Lucia,2008,0,157876,0,"1,282,215,407",8122
Saint Lucia,2009,13,159820,8.13415092,"1,262,973,407",7902
Saint Lucia,2010,4,161503,2.476734178,"1,381,968,259",8557
Saint Vincent and Grenadines,1995,7,95974,7.293642028,"316,008,481",3293
Saint Vincent and Grenadines,1996,8,96095,8.325094958,"331,489,704",3450
Saint Vincent and Grenadines,1997,3,96255,3.116721209,"347,770,000",3613
Saint Vincent and Grenadines,1998,10,96449,10.36817385,"373,619,852",3874
Saint Vincent and Grenadines,1999,6,96685,6.205719605,"390,719,148",4041
Saint Vincent and Grenadines,2000,5,96956,5.156978423,"396,270,000",4087
Saint Vincent and Grenadines,2001,8,97341,8.218530732,"430,040,370",4418
Saint Vincent and Grenadines,2002,7,97799,7.157537398,"461,883,444",4723
Saint Vincent and Grenadines,2003,4,98292,4.069507183,"481,806,296",4902
Saint Vincent and Grenadines,2004,4,98740,4.051043144,"521,975,111",5286
Saint Vincent and Grenadines,2005,8,99118,8.071187877,"550,728,667",5556
Saint Vincent and Grenadines,2006,6,99463,6.032393956,"610,930,037",6142
Saint Vincent and Grenadines,2007,11,99689,11.03431673,"651,833,333",6539
Saint Vincent and Grenadines,2008,4,99826,4.006972132,"695,428,852",6966
Saint Vincent and Grenadines,2009,1,99927,1.000730533,"674,922,481",6754
Saint Vincent and Grenadines,2010,5,100050,4.997501249,"681,225,963",6809
San Marino,1999,2,25192,7.939028263,"1,215,640,315",48255
San Marino,2000,1,25369,3.941818755,"1,101,897,918",43435
San Marino,2005,1,28264,3.538069629,"1,958,711,603",69301
Serbia,1998,1460,7179002,20.33708864,"18,284,194,680",2547
Serbia,1999,1571,7162831,21.9326688,"18,409,364,147",2570
Serbia,2000,1543,7149140,21.58301558,"6,540,247,190",915
Serbia,2001,1442,7142410,20.18926385,"12,267,175,481",1718
Serbia,2002,1446,7138113,20.2574546,"16,116,843,146",2258
Serbia,2003,1378,7111975,19.37577115,"21,188,704,081",2979
Serbia,2004,1345,7086364,18.98011448,"24,861,483,281",3508
Serbia,2005,1437,7058982,20.35704298,"26,252,007,830",3719
Serbia,2006,1443,7031811,20.52102936,"30,607,991,862",4353
Serbia,2007,1353,7009610,19.30207244,"40,289,556,656",5748
Serbia,2008,1289,6988532,18.44450308,"49,259,526,053",7049
Serbia,2009,1373,6968240,19.70368414,"42,616,653,300",6116
Serbia,2010,1207,6944871,17.37973247,"39,460,357,731",5682
Seychelles,2001,6,75363,7.961466502,"622,262,057",8257
Seychelles,2002,5,76904,6.5016124,"697,518,248",9070
Seychelles,2003,8,78402,10.20382133,"705,704,816",9001
Seychelles,2004,6,79735,7.524926318,"839,319,927",10526
Seychelles,2005,5,80900,6.180469716,"919,103,255",11361
Seychelles,2006,8,81691,9.793000453,"1,016,418,229",12442
Seychelles,2007,6,82331,7.287655925,"1,033,561,654",12554
Seychelles,2008,4,82900,4.82509047,"967,199,594",11667
Seychelles,2009,4,83429,4.794495919,"847,397,850",10157
Seychelles,2010,6,83885,7.152649461,"969,936,525",11563
Singapore,1991,296,2559300,11.56566249,"45,474,442,836",17768
Singapore,1992,277,2604000,10.6374808,"52,156,414,979",20029
Singapore,1993,270,2655800,10.16642819,"60,644,572,348",22835
Singapore,1994,316,2712200,11.65105818,"73,777,792,327",27202
Singapore,1995,364,2765300,13.16312877,"87,890,009,877",31783
Singapore,1996,239,2823100,8.465870851,"96,403,758,865",34148
Singapore,1997,303,2880000,10.52083333,"100,163,995,151",34779
Singapore,1998,328,2940200,11.15570369,"85,707,636,233",29150
Singapore,1999,277,2997100,9.242267525,"86,283,126,844",28789
Singapore,2000,309,3047600,10.13912587,"95,833,932,715",31446
Singapore,2001,305,3103000,9.829197551,"89,286,208,629",28774
Singapore,2002,321,3165200,10.14153924,"91,941,192,896",29048
Singapore,2003,320,3226200,9.918789908,"97,001,377,569",30067
Singapore,2004,335,3281400,10.20905711,"114,188,557,567",34799
Singapore,2005,359,3342400,10.74078506,"127,417,688,056",38122
Singapore,2006,372,3411900,10.90301591,"147,797,218,201",43318
Singapore,2007,328,3389600,9.676658013,"179,981,288,567",53098
Singapore,2008,319,3448900,9.249325872,"192,225,881,688",55735
Singapore,2009,349,3536100,9.869630384,"192,408,387,762",54413
Singapore,2010,296,3576800,8.275553567,"236,421,782,178",66099
Slovakia,1992,796,4909228,16.21436201,"15,431,288,006",3143
Slovakia,1993,738,4935260,14.95361946,"16,452,201,101",3334
Slovakia,1994,691,4974858,13.88984369,"20,079,363,626",4036
Slovakia,1995,735,5005232,14.684634,"25,733,043,137",5141
Slovakia,1996,672,5032436,13.35337399,"27,821,913,815",5529
Slovakia,1997,630,5058389,12.45455816,"27,660,149,541",5468
Slovakia,1998,673,5081100,13.24516345,"29,828,899,206",5871
Slovakia,1999,692,5098200,13.57341807,"30,415,095,887",5966
Slovakia,2000,729,5111813,14.26108506,"29,114,875,622",5696
Slovakia,2001,692,5100256,13.56794639,"30,703,017,450",6020
Slovakia,2002,717,5107584,14.03794827,"35,083,608,131",6869
Slovakia,2003,753,5113982,14.7243381,"46,731,767,494",9138
Slovakia,2004,676,5121210,13.20000547,"57,240,535,138",11177
Slovakia,2005,679,5126946,13.24375174,"62,697,540,107",12229
Slovakia,2006,0,5129369,0,"70,596,729,394",13763
Slovakia,2007,0,5132660,0,"86,304,245,825",16815
Slovakia,2008,591,5137067,11.50461927,"100,324,627,215",19530
Slovakia,2009,601,5141744,11.68864105,"88,945,625,174",17299
Slovakia,2010,631,5147562,12.25823021,"89,501,012,916",17387
Slovenia,1995,564,1884000,29.93630573,"21,273,055,398",11291
Slovenia,1996,607,1893100,32.06381068,"21,480,023,017",11346
Slovenia,1997,593,1883900,31.47725463,"20,749,140,606",11014
Slovenia,1998,612,1880300,32.54799766,"22,125,435,372",11767
Slovenia,1999,590,1884400,31.3097007,"22,689,994,990",12041
Slovenia,2000,588,1886483,31.16911205,"20,342,201,356",10783
Slovenia,2001,581,1901330,30.55755708,"20,875,387,068",10979
Slovenia,2002,540,1906124,28.3297414,"23,563,576,758",12362
Slovenia,2003,562,1907589,29.46127284,"29,697,448,108",15568
Slovenia,2004,512,1907862,26.83632254,"34,470,227,454",18067
Slovenia,2005,503,1911817,26.31004955,"36,346,974,008",19012
Slovenia,2006,529,1918570,27.57261919,"39,587,732,029",20634
Slovenia,2007,434,1927332,22.51817538,"48,114,688,201",24964
Slovenia,2008,408,1943758,20.99026731,"55,589,849,128",28599
Slovenia,2009,447,1942037,23.01706919,"50,244,793,832",25872
Slovenia,2010,414,1944774,21.28782059,"48,013,606,745",24689
South Africa,1996,143,37773652,0.378570756,"147,607,982,695",3908
South Africa,1997,104,38528157,0.269932455,"152,586,154,514",3960
South Africa,1998,180,39232468,0.458803662,"137,774,361,015",3512
South Africa,1999,279,39907560,0.699115656,"136,631,966,609",3424
South Africa,2000,267,40568559,0.658145141,"136,361,854,808",3361
South Africa,2001,384,41185599,0.932364733,"121,600,818,310",2953
South Africa,2002,236,41803868,0.564541061,"115,748,110,113",2769
South Africa,2003,256,42415309,0.603555664,"175,256,916,996",4132
South Africa,2004,383,43005874,0.890576018,"228,937,347,866",5323
South Africa,2005,458,43566107,1.051275938,"257,671,413,751",5914
South Africa,2006,514,44079057,1.166086652,"271,811,088,781",6166
South Africa,2007,417,44577435,0.935450862,"299,033,511,000",6708
South Africa,2008,441,43680586,1.00960184,"287,099,991,517",6573
South Africa,2009,372,45607048,0.815663404,"297,216,730,669",6517
South Africa,2010,393,46176200,0.85108779,"375,298,134,440",8128
Spain,1991,2916,36958100,7.890015991,"575,598,537,070",15574
Spain,1992,2786,37000900,7.529546579,"629,202,392,004",17005
Spain,1993,3037,37122100,8.181110444,"523,649,481,762",14106
Spain,1994,3171,37203100,8.523483258,"529,121,577,320",14223
Spain,1995,3157,37275300,8.469415404,"612,939,685,081",16444
Spain,1996,3320,37341200,8.890983686,"640,998,292,395",17166
Spain,1997,3373,37405000,9.017511028,"588,692,045,455",15738
Spain,1998,3261,37458900,8.705541273,"617,041,986,858",16473
Spain,1999,3220,37789271,8.520937067,"633,194,118,900",16756
Spain,2000,3394,38319996,8.856994661,"595,402,616,547",15538
Spain,2001,3189,38713504,8.237435702,"625,975,838,926",16169
Spain,2002,3372,39340611,8.571295448,"705,145,868,624",17924
Spain,2003,3478,39947556,8.706414981,"906,853,273,138",22701
Spain,2004,3508,40555823,8.649805972,"1,069,555,500,372",26372
Spain,2005,3399,41195479,8.250905397,"1,157,276,458,152",28092
Spain,2006,3247,41808848,7.766298655,"1,264,551,499,185",30246
Spain,2007,3264,42547327,7.671457246,"1,479,341,637,011",34769
Spain,2008,3457,43199484,8.002410399,"1,635,015,380,108",37848
Spain,2009,3429,43490086,7.884555574,"1,499,099,749,931",34470
Spain,2010,3158,43595356,7.24389084,"1,431,616,749,640",32839
Sri Lanka,1996,4898,16654427,29.40959782,"13,897,738,375",834
Sri Lanka,1997,5887,16775409,35.0930341,"15,091,913,884",900
Sri Lanka,1998,5518,16897691,32.65534918,"15,794,972,847",935
Sri Lanka,1999,5619,17020287,33.01354437,"15,656,327,860",920
Sri Lanka,2000,5252,17140342,30.64116224,"16,330,814,180",953
Sri Lanka,2001,4590,17266961,26.58255845,"15,749,753,805",912
Sri Lanka,2002,4382,17395955,25.18976394,"16,536,535,647",951
Sri Lanka,2003,4467,17524596,25.48988861,"18,881,765,437",1077
Sri Lanka,2006,4015,17891558,22.44075111,"28,267,410,543",1580
Suriname,1991,57,363079,15.69906274,"448,300,000",1235
Suriname,1992,48,370194,12.96617449,"404,600,000",1093
Suriname,1995,55,389414,14.123786,"693,970,588",1782
Suriname,1996,21,395805,5.30564293,"860,630,923",2174
Suriname,1997,32,401814,7.963883787,"929,607,500",2314
Suriname,1998,29,407606,7.114713719,"945,000,000",2318
Suriname,1999,49,413303,11.85570877,"885,444,186",2142
Suriname,2000,52,419001,12.41047157,"892,164,394",2129
Suriname,2001,72,424515,16.96053143,"763,465,550",1798
Suriname,2002,69,430176,16.03994644,"1,078,402,128",2507
Suriname,2003,77,435946,17.66273805,"1,271,196,078",2916
Suriname,2004,67,441717,15.16808273,"1,484,092,538",3360
Suriname,2005,72,447445,16.09136318,"1,793,754,805",4009
Suriname,2006,112,453293,24.70808065,"2,626,380,435",5794
Suriname,2007,119,459086,25.92106925,"2,936,612,022",6397
Suriname,2008,147,464789,31.62725452,"3,532,969,035",7601
Suriname,2009,131,470448,27.84579805,"3,875,409,836",8238
Suriname,2010,136,476052,28.56830766,"4,368,398,048",9176
Sweden,1991,1483,8041100,18.44275037,"270,362,531,377",33623
Sweden,1992,1355,8073200,16.78392707,"280,312,318,915",34721
Sweden,1993,1373,8112500,16.92449923,"209,950,792,713",25880
Sweden,1994,1324,8174100,16.19750187,"226,079,963,712",27658
Sweden,1995,1348,8233000,16.37313252,"264,051,981,551",32072
Sweden,1996,1253,8274300,15.14327496,"288,103,936,773",34819
Sweden,1997,1201,8311300,14.45020635,"264,477,727,279",31821
Sweden,1998,1231,8346300,14.74905048,"266,800,462,899",31966
Sweden,1999,1220,8378013,14.56192536,"270,847,937,645",32328
Sweden,2000,1131,8409008,13.44986234,"259,802,012,617",30896
Sweden,2001,1197,8439317,14.18361225,"239,917,320,967",28429
Sweden,2002,1180,8465828,13.93838854,"263,926,220,333",31175
Sweden,2003,1112,8490539,13.0969306,"331,108,912,605",38997
Sweden,2004,1155,8514314,13.56539118,"381,705,425,302",44831
Sweden,2005,1219,8538624,14.27630494,"389,042,298,377",45563
Sweden,2006,1197,8576044,13.95748436,"420,032,121,656",48977
Sweden,2007,1126,8629159,13.0487803,"487,816,328,342",56531
Sweden,2008,1170,8688504,13.46606965,"513,965,650,650",59155
Sweden,2009,1242,8755922,14.18468552,"429,657,033,108",49070
Sweden,2010,1141,8823125,12.93192605,"488,377,689,565",55352
Switzerland,1995,1419,6617500,21.44314318,"342,617,007,104",51774
Switzerland,1996,1432,6652200,21.52671297,"330,091,688,350",49621
Switzerland,1997,1341,6675200,20.08928571,"286,519,135,327",42923
Switzerland,1998,1371,6725167,20.38611086,"295,045,152,021",43872
Switzerland,1999,1296,6764328,19.15933113,"289,912,492,345",42859
Switzerland,2000,1380,6809589,20.26554026,"272,055,499,941",39952
Switzerland,2001,1338,6865842,19.48777732,"278,631,271,391",40582
Switzerland,2002,1446,6942010,20.82970206,"301,416,810,214",43419
Switzerland,2003,1269,6969293,18.20844668,"352,914,820,747",50639
Switzerland,2004,1284,7023166,18.282353,"394,163,688,621",56123
Switzerland,2005,1299,7071991,18.36823605,"408,689,353,999",57790
Switzerland,2006,1309,7118477,18.3887649,"430,921,192,375",60536
Switzerland,2007,1360,7183595,18.93202498,"479,913,034,322",66807
Switzerland,2008,1314,7274875,18.06216602,"554,363,487,120",76202
Switzerland,2009,1105,7364558,15.00429489,"541,506,500,414",73529
Switzerland,2010,1006,7439147,13.5230558,"583,782,977,866",78474
Thailand,1991,3559,51947693,6.85112234,"98,234,695,722",1891
Thailand,1992,3550,52570440,6.752844374,"111,452,869,378",2120
Thailand,1994,2307,52691000,4.378356835,"146,683,499,006",2784
Thailand,1995,4245,54366057,7.808180755,"169,278,552,851",3114
Thailand,1996,4443,55070703,8.067810574,"183,035,154,107",3324
Thailand,1997,4150,55859088,7.429408801,"150,180,268,649",2689
Thailand,1998,4963,56691783,8.754355106,"113,675,706,127",2005
Thailand,1999,5276,57507860,9.174398074,"126,668,932,160",2203
Thailand,2000,5182,58262135,8.894284427,"126,392,308,498",2169
Thailand,2002,4902,58263389,8.413516763,"134,300,851,255",2305
Thailand,2003,4484,60158951,7.453587414,"152,280,653,544",2531
Thailand,2004,4296,60686373,7.079019206,"172,895,476,153",2849
Thailand,2005,3937,61182665,6.434829212,"189,318,499,954",3094
Thailand,2006,3608,61636512,5.853673225,"221,758,486,880",3598
Thailand,2007,3754,58941621,6.369013842,"262,942,650,544",4461
Thailand,2008,3778,59216773,6.37994914,"291,383,081,232",4921
Thailand,2009,3787,59483718,6.366448042,"281,710,095,725",4736
Thailand,2010,3761,59769764,6.292479254,"341,105,009,515",5707
Trinidad and Tobago,1991,148,1102000,13.43012704,"5,307,905,882",4817
Trinidad and Tobago,1992,163,1132600,14.3916652,"5,439,552,941",4803
Trinidad and Tobago,1993,174,1148300,15.15283463,"4,669,488,516",4066
Trinidad and Tobago,1994,148,1162900,12.72680368,"4,947,205,860",4254
Trinidad and Tobago,1995,184,1149173,16.01151437,"5,329,214,163",4637
Trinidad and Tobago,1996,146,1156185,12.62773691,"5,759,537,726",4982
Trinidad and Tobago,1997,160,1162267,13.76620002,"5,737,751,332",4937
Trinidad and Tobago,1998,171,1167924,14.64136365,"6,043,694,330",5175
Trinidad and Tobago,1999,139,1173276,11.8471698,"6,808,982,521",5803
Trinidad and Tobago,2000,166,1178363,14.08733981,"8,154,338,233",6920
Trinidad and Tobago,2001,179,1183354,15.12649638,"8,824,873,259",7458
Trinidad and Tobago,2002,156,1188800,13.12247645,"9,008,273,721",7578
Trinidad and Tobago,2003,144,1194458,12.05567714,"11,305,459,802",9465
Trinidad and Tobago,2004,168,1200116,13.9986468,"13,280,275,123",11066
Trinidad and Tobago,2005,136,1205471,11.28189728,"15,982,282,462",13258
Trinidad and Tobago,2006,141,1209301,11.65962817,"18,369,070,085",15190
Trinidad and Tobago,2007,131,1213988,10.79088096,"21,642,304,046",17827
Trinidad and Tobago,2008,199,1219336,16.32035797,"27,870,257,894",22857
Trinidad and Tobago,2009,128,1225097,10.44815227,"19,175,196,446",15652
Trinidad and Tobago,2010,160,1231002,12.99754184,"22,157,948,396",18000
Turkey,2009,1050,65962419,1.591815485,"644,639,902,581",9773
Turkey,2010,1524,66975131,2.275471473,"771,901,768,698",11525
Turkmenistan,1991,273,3162500,8.632411067,"3,208,098,919",1014
Turkmenistan,1992,271,3252900,8.331027698,"3,200,539,816",984
Turkmenistan,1993,240,3331100,7.204827234,"3,179,225,949",954
Turkmenistan,1994,234,3423100,6.835908971,"2,561,118,608",748
Turkmenistan,1995,244,3818200,6.39044576,"2,482,228,440",650
Turkmenistan,1996,283,3913000,7.232302581,"2,379,281,768",608
Turkmenistan,1997,333,4006400,8.311701278,"2,450,084,970",612
Turkmenistan,1998,405,4099200,9.879976581,"2,605,688,065",636
Turkmenistan,1999,442,3958754,11.16512923,"2,450,686,660",619
Turkmenistan,2000,383,4026478,9.512035084,"2,904,662,605",721
Turkmenistan,2001,445,4095981,10.86430821,"3,534,803,922",863
Turkmenistan,2002,416,4143692,10.03935621,"4,461,978,499",1077
Turkmenistan,2003,377,4177740,9.02401777,"5,977,560,877",1431
Turkmenistan,2004,392,4211000,9.308952743,"6,838,351,088",1624
Turkmenistan,2005,468,4252530,11.00521337,"8,104,355,717",1906
Turkmenistan,2006,506,4287650,11.8013364,"10,277,598,152",2397
Turkmenistan,2007,354,4342657,8.151691464,"12,664,165,103",2916
Turkmenistan,2008,484,4412135,10.96974594,"19,271,523,179",4368
Turkmenistan,2009,165,4484467,3.679367024,"20,214,385,965",4508
Turkmenistan,2010,178,4551185,3.911069315,"22,583,157,895",4962
Ukraine,1991,10700,48200600,22.19889379,"77,464,561,150",1607
Ukraine,1992,11666,48487300,24.05990847,"73,942,235,330",1525
Ukraine,1993,12469,48680500,25.6139522,"65,648,559,903",1349
Ukraine,1994,13826,48619000,28.43744215,"52,549,555,149",1081
Ukraine,1995,14541,48415300,30.03389424,"48,213,868,178",996
Ukraine,1996,15160,48174500,31.46893066,"44,558,077,827",925
Ukraine,1997,14903,47923000,31.09780273,"50,150,399,792",1046
Ukraine,1998,14789,47675400,31.02019071,"41,883,241,472",879
Ukraine,1999,14363,47415400,30.29184611,"31,580,639,045",666
Ukraine,2000,14467,47125400,30.69894367,"31,261,527,363",663
Ukraine,2001,13131,46805969,28.05411421,"38,009,344,577",812
Ukraine,2002,12536,46060017,27.21666386,"42,392,896,031",920
Ukraine,2003,12313,45697383,26.9446502,"50,132,953,288",1097
Ukraine,2004,11256,45322826,24.83516805,"64,883,060,726",1432
Ukraine,2005,10621,44939270,23.63411778,"86,142,018,069",1917
Ukraine,2006,10013,44560034,22.47080871,"107,753,069,307",2418
Ukraine,2007,10032,44198672,22.69751453,"142,719,009,901",3229
Ukraine,2008,9454,43856123,21.55685308,"179,992,405,832",4104
Ukraine,2009,9715,43557944,22.30362388,"117,227,769,792",2691
Ukraine,2010,9089,43296809,20.99230916,"136,013,155,905",3141
United Arab Emirates,2005,96,4280433,2.242763758,"180,617,018,380",42196
United Arab Emirates,2006,90,4923879,1.827827207,"222,116,541,865",45110
United Arab Emirates,2007,101,5695389,1.773364383,"257,916,133,424",45285
United Arab Emirates,2008,100,6510358,1.536013841,"315,474,615,739",48457
United Arab Emirates,2009,124,7252480,1.709759972,"253,547,358,747",34960
United Arab Emirates,2010,111,7839736,1.415864004,"289,787,338,325",36964
United Kingdom,1991,4547,53903427,8.435456247,"1,142,797,178,131",21201
United Kingdom,1992,4628,54076358,8.558268662,"1,179,659,529,660",21815
United Kingdom,1993,4462,54283982,8.21973598,"1,061,388,722,256",19553
United Kingdom,1994,4380,54497293,8.037096448,"1,140,489,745,944",20927
United Kingdom,1995,4315,54746964,7.881715596,"1,335,218,557,677",24389
United Kingdom,1996,4165,55012207,7.571046913,"1,408,781,591,264",25609
United Kingdom,1997,4143,55266635,7.496385477,"1,552,483,628,029",28091
United Kingdom,1998,4389,55527379,7.904208841,"1,638,511,096,390",29508
United Kingdom,1999,4448,55833339,7.966566356,"1,665,623,685,488",29832
United Kingdom,2000,4290,56133909,7.642439439,"1,647,951,278,560",29358
United Kingdom,2001,4128,55571993,7.428202188,"1,621,510,004,318",29179
United Kingdom,2002,4117,55908944,7.363759187,"1,768,408,273,381",31630
United Kingdom,2003,3979,56171771,7.083629249,"2,038,395,102,041",36289
United Kingdom,2004,4183,56455011,7.409439704,"2,398,555,474,185",42486
United Kingdom,2005,4047,56809024,7.123868208,"2,520,701,818,182",44372
United Kingdom,2006,4122,57091129,7.220035883,"2,692,612,695,492",47163
United Kingdom,2007,3897,57382757,6.791238699,"3,074,359,743,898",53576
United Kingdom,2008,4259,57683372,7.383410249,"2,890,564,338,235",50111
United Kingdom,2009,4246,58013559,7.318978655,"2,382,825,985,356",41074
United Kingdom,2010,4188,58403529,7.170799559,"2,441,173,394,730",41798
United States,1991,30790,232955000,13.21714494,"6,174,043,000,000",26503
United States,1992,30471,235565600,12.93525031,"6,539,299,000,000",27760
United States,1993,31084,238092300,13.0554411,"6,878,718,000,000",28891
United States,1994,31123,240614100,12.9348197,"7,308,755,000,000",30375
United States,1995,31272,243164200,12.86044574,"7,664,060,000,000",31518
United States,1996,30879,245997800,12.55255128,"8,100,201,000,000",32928
United States,1997,30517,248486400,12.28115502,"8,608,515,000,000",34644
United States,1998,30558,251332500,12.15839575,"9,089,168,000,000",36164
United States,1999,29183,253748671,11.50074989,"9,660,624,000,000",38072
United States,2000,29343,262246108,11.1891079,"10,284,779,000,000",39218
United States,2001,30607,265427546,11.53120709,"10,621,824,000,000",40018
United States,2002,31645,268759559,11.77446492,"10,977,514,000,000",40845
United States,2003,31477,271041510,11.61335029,"11,510,670,000,000",42468
United States,2004,32428,273584136,11.85302645,"12,274,928,000,000",44867
United States,2005,32629,276106680,11.81753372,"13,093,726,000,000",47423
United States,2006,33292,278980848,11.93343566,"13,855,888,000,000",49666
United States,2007,34596,280658606,12.32671982,"14,477,635,000,000",51585
United States,2008,36030,282355565,12.76050642,"14,718,582,000,000",52128
United States,2009,36900,285162662,12.93998301,"14,418,739,000,000",50563
United States,2010,38362,287839149,13.32758248,"14,964,372,000,000",51989
Uruguay,1993,418,2896228,14.43256539,"15,002,106,518",5180
Uruguay,1994,406,2920296,13.90270027,"17,474,647,792",5984
Uruguay,1995,427,2943816,14.50498265,"19,297,663,097",6555
Uruguay,1996,393,2967278,13.24446176,"20,515,543,039",6914
Uruguay,1997,456,2991662,15.24236361,"23,969,823,010",8012
Uruguay,1998,521,3014887,17.28091302,"25,385,928,198",8420
Uruguay,1999,450,3034833,14.82783402,"23,983,945,191",7903
Uruguay,2000,555,3050169,18.19571309,"22,823,255,802",7483
Uruguay,2001,499,3061024,16.30173432,"20,898,788,417",6827
Uruguay,2002,675,3065257,22.02099204,"13,606,494,599",4439
Uruguay,2003,535,3065772,17.45074324,"12,045,631,093",3929
Uruguay,2004,520,3066489,16.95750417,"13,686,329,890",4463
Uruguay,2005,498,3070178,16.2205579,"17,362,857,684",5655
Uruguay,2006,528,3077445,17.15708973,"19,579,457,966",6362
Uruguay,2007,576,3087957,18.65310948,"23,410,572,634",7581
Uruguay,2008,523,3100791,16.86666402,"30,366,213,119",9793
Uruguay,2009,511,3114306,16.40815,"31,660,911,277",10166
Uruguay,2010,547,3127306,17.49109297,"40,284,481,652",12882
Uzbekistan,1991,1393,17347800,8.029836636,"13,677,622,222",788
Uzbekistan,1992,1344,18257000,7.36155995,"12,941,297,376",709
Uzbekistan,1993,1355,18509300,7.320644217,"13,099,013,836",708
Uzbekistan,1994,1419,19144700,7.411973026,"12,899,156,991",674
Uzbekistan,1995,1485,19599000,7.57691719,"13,350,468,917",681
Uzbekistan,1996,1699,19854500,8.557254023,"13,948,892,216",703
Uzbekistan,1997,1554,20364300,7.631001311,"14,744,603,774",724
Uzbekistan,1998,1620,20861200,7.765612716,"14,988,971,211",719
Uzbekistan,1999,1795,21329916,8.415410544,"17,078,465,982",801
Uzbekistan,2000,1919,21789067,8.80716921,"13,760,374,488",632
Uzbekistan,2001,1914,22231527,8.609395117,"11,401,351,420",513
Uzbekistan,2002,1576,22632256,6.963512608,"9,687,951,055",428
Uzbekistan,2003,1416,22982883,6.161106942,"10,128,112,401",441
Uzbekistan,2004,1251,23300841,5.368904925,"12,030,023,548",516
Uzbekistan,2005,1221,23600347,5.173652743,"14,307,509,839",606
Uzbekistan,2009,1399,25288102,5.532245955,"33,689,223,673",1332
Uzbekistan,2010,1464,25651783,5.707205616,"39,332,770,929",1533